,word,frequent
0,vaksin,662
1,semarang,425
2,kota,341
3,booster,292
4,covid,282
5,puskesmas,271
6,data,255
7,capai,218
8,vaksinasi,195
9,admin,193
10,fitphonelive,189
11,anak,158
12,interaktif,157
13,sedia,156
14,sehat,142
15,moderna,125
16,informasi,121
17,wa,117
18,daftar,116
19,dosis,109
20,tingkat,102
21,usia,98
22,layan,97
23,rt,95
24,mohon,93
25,sebar,91
26,mikrozonasi,90
27,terima,78
28,sp,67
29,dokter,67
30,peduli,61
31,hallo,60
32,pakai,59
33,bpjs,57
34,cek,55
35,tiket,55
36,sinopharm,55
37,tanggal,51
38,ayo,51
39,victori,51
40,bantu,50
41,uhc,49
42,mana,49
43,lindung,48
44,ktp,48
45,minggu,47
46,e,47
47,orang,46
48,selasa,45
49,kak,45
50,buka,45
51,jadwal,44
52,senin,44
53,dulur,43
54,tunggu,42
55,darah,41
56,sakit,41
57,sinovac,40
58,rabu,38
59,sertifikat,38
60,masyarakat,38
61,th,38
62,langsung,37
63,v,37
64,adminadmin,36
65,tolong,35
66,kasih,35
67,program,34
68,sabtu,34
69,lanjut,34
70,dunia,34
71,dan,34
72,baru,32
73,syarat,32
74,kemarin,32
75,info,31
76,sesuai,31
77,pfizer,30
78,kartu,30
79,obat,30
80,kamis,30
81,dinas,30
82,kanker,29
83,cegah,29
84,cari,29
85,tidak,29
86,s,28
87,minkes,28
88,nomor,28
89,m,27
90,muncul,27
91,bawa,27
92,periksa,27
93,rumah,27
94,boster,27
95,ambil,27
96,simak,26
97,banget,26
98,maaf,26
99,lurah,26
100,moga,26
101,pantau,25
102,nakes,25
103,sppd,24
104,makan,24
105,tugas,24
106,biar,24
107,imunisasi,24
108,sekolah,24
109,lengkap,23
110,kawan,23
111,adminvaksin,23
112,tentrem,23
113,masuk,23
114,pcv,23
115,warga,23
116,susah,23
117,aplikasi,23
118,kena,22
119,donor,22
120,faskes,21
121,habis,21
122,bayi,21
123,cepat,21
124,tema,21
125,dm,20
126,via,20
127,dinkes,20
128,prof,20
129,lapor,20
130,besok,20
131,indonesia,20
132,boosternya,20
133,stok,20
134,kuota,20
135,astra,20
136,skm,19
137,ketua,19
138,jalan,19
139,lupa,19
140,butuh,19
141,menang,19
142,putar,18
143,ada,18
144,salah,18
145,tangan,18
146,surat,18
147,pagi,18
148,perintah,18
149,mall,18
150,wilayah,18
151,kah,18
152,februari,18
153,camat,17
154,gizi,17
155,pkm,17
156,diabetes,17
157,bisa,17
158,jumat,17
159,giat,16
160,jaga,16
161,hamil,16
162,bayar,16
163,jenis,16
164,web,16
165,kakak,16
166,kosong,16
167,gratis,16
168,pandanaran,16
169,uji,16
170,kendor,16
171,penuh,16
172,kali,15
173,hiv,15
174,manfaat,15
175,atas,15
176,tolak,15
177,rawat,15
178,aktif,15
179,sih,15
180,aman,15
181,puasa,15
182,fitradio,14
183,yaa,14
184,ikut,14
185,gejala,14
186,idi,14
187,proses,14
188,suruh,14
189,pas,14
190,a,14
191,sabar,14
192,kupon,14
193,deh,14
194,mandiri,14
195,smsfitphonelive,14
196,domisili,13
197,lokasi,13
198,semarangbaru,13
199,nyamuk,13
200,gigi,13
201,jateng,13
202,bikin,13
203,nasional,13
204,kait,13
205,saran,13
206,hasil,13
207,serta,13
208,tua,13
209,primer,13
210,mudah,13
211,malam,12
212,daerah,12
213,jantung,12
214,kepala,12
215,nama,12
216,kulit,12
217,stunting,12
218,aju,12
219,oktober,12
220,nggih,12
221,baik,12
222,terang,12
223,apa,12
224,laksana,12
225,sms,12
226,coba,12
227,kantor,12
228,tutup,12
229,pasca,12
230,mudik,12
231,g,12
232,pedulilindungi,12
233,jelas,11
234,gz,11
235,bahaya,11
236,dbd,11
237,putri,11
238,waspada,11
239,kerja,11
240,pergi,11
241,rs,11
242,pmi,11
243,hadir,11
244,pasien,11
245,laku,11
246,januari,11
247,fasilitas,11
248,astrazeneca,11
249,milik,11
250,test,11
251,hp,11
252,vaksinvaksin,11
253,banjir,11
254,manyar,10
255,dian,10
256,drg,10
257,at,10
258,apt,10
259,umur,10
260,rujuk,10
261,kenal,10
262,helpdesk,10
263,tenaga,10
264,solusi,10
265,sobat,10
266,ijin,10
267,klinik,10
268,pulang,10
269,inap,10
270,lihat,10
271,fogging,10
272,lahir,10
273,gula,10
274,mari,10
275,tubuh,10
276,balita,10
277,siang,10
278,silah,10
279,hubung,10
280,dekat,10
281,lebaran,10
282,antigen,10
283,gara,10
284,wajib,9
285,jum,9
286,online,9
287,website,9
288,tri,9
289,ig,9
290,tips,9
291,bukti,9
292,picu,9
293,jentik,9
294,henti,9
295,tinggal,9
296,bilang,9
297,tes,9
298,hindar,9
299,hati,9
300,tahap,9
301,tindak,9
302,modernaadmin,9
303,tuk,9
304,verifikasi,9
305,boostervaksin,9
306,kes,8
307,kandung,8
308,maksud,8
309,baca,8
310,psikolog,8
311,minum,8
312,air,8
313,mental,8
314,resiko,8
315,awat,8
316,gagal,8
317,ginjal,8
318,akut,8
319,ubah,8
320,bawah,8
321,pilih,8
322,istri,8
323,alas,8
324,sore,8
325,omicron,8
326,jawa,8
327,sosialisasi,8
328,kemenkes,8
329,mas,8
330,september,8
331,mr,8
332,panjang,8
333,tular,8
334,agustus,8
335,konfirmasi,8
336,tiga,8
337,hepatitis,8
338,hipertensi,8
339,lupus,8
340,upaya,8
341,kolesterol,8
342,isi,8
343,positif,8
344,disiplin,8
345,tunggak,8
346,spgk,8
347,wafitphonelive,8
348,bahas,7
349,damping,7
350,please,7
351,sayang,7
352,mata,7
353,adminbaru,7
354,dkksemarang,7
355,sebab,7
356,ciri,7
357,atur,7
358,alami,7
359,hari,7
360,hidup,7
361,amd,7
362,dasar,7
363,keluh,7
364,kirim,7
365,gotong,7
366,salam,7
367,depan,7
368,terimakasih,7
369,ruang,7
370,uang,7
371,berantas,7
372,alamat,7
373,telepon,7
374,guna,7
375,batas,7
376,tambah,7
377,kep,7
378,pindah,7
379,mati,7
380,julibaru,7
381,bodoh,7
382,teman,7
383,jatuh,7
384,non,7
385,maret,7
386,nik,7
387,antri,7
388,kayak,7
389,sulit,7
390,pandemi,7
391,suntik,7
392,ulang,7
393,ticket,7
394,matur,7
395,adminbooster,7
396,kasihadmin,7
397,bulan,7
398,kakvaksin,7
399,kereta,7
400,spp,7
401,ngaliyan,6
402,desemberbaru,6
403,demam,6
404,inovasi,6
405,harga,6
406,tlogosari,6
407,spkfr,6
408,nur,6
409,aids,6
410,umar,6
411,ingat,6
412,dampak,6
413,jadi,6
414,ns,6
415,masdalina,6
416,janji,6
417,ketidaknyamanannya,6
418,keluarga,6
419,selamat,6
420,royong,6
421,dukung,6
422,masak,6
423,krobokan,6
424,alhamdulillah,6
425,lab,6
426,abdul,6
427,hakam,6
428,rw,6
429,tim,6
430,edar,6
431,ganti,6
432,pusat,6
433,ri,6
434,puskesmasbaru,6
435,komplit,6
436,sd,6
437,tentu,6
438,adminmohon,6
439,sam,6
440,khusus,6
441,semarangadmin,6
442,cuma,6
443,status,6
444,ptm,6
445,batuk,6
446,koordinasi,6
447,lho,6
448,klinis,6
449,pikir,6
450,akibat,6
451,flu,6
452,mei,6
453,mimin,6
454,perhati,6
455,tunda,6
456,tulang,6
457,walikota,6
458,dftr,6
459,jarak,6
460,cm,6
461,pcr,6
462,varian,6
463,papah,6
464,hilang,6
465,sembuh,6
466,adminanak,6
467,tahun,6
468,spko,6
469,smshallo,6
470,asma,6
471,lidya,6
472,lbh,5
473,dengar,5
474,obesitas,5
475,payudara,5
476,adu,5
477,semarangfitphonelive,5
478,bareng,5
479,ika,5
480,ganggu,5
481,wahyu,5
482,sri,5
483,korban,5
484,full,5
485,main,5
486,pane,5
487,riza,5
488,manis,5
489,fitphonelivefitphonelive,5
490,linda,5
491,tanda,5
492,spkk,5
493,temu,5
494,risiko,5
495,kritik,5
496,rendah,5
497,buang,5
498,lingkung,5
499,bentuk,5
500,germas,5
501,tanggung,5
502,cair,5
503,catat,5
504,beda,5
505,sistem,5
506,acara,5
507,gerak,5
508,instagram,5
509,bla,5
510,sirup,5
511,spog,5
512,handojo,5
513,kriteria,5
514,turun,5
515,kabar,5
516,suwun,5
517,bunda,5
518,pra,5
519,diet,5
520,h,5
521,bersih,5
522,ccbaru,5
523,lewat,5
524,p,5
525,tetep,5
526,bian,5
527,rekomendasi,5
528,tunjang,5
529,buat,5
530,poo,5
531,kong,5
532,ahli,5
533,sentra,5
534,protokol,5
535,to,5
536,juli,5
537,halaman,5
538,konsultasi,5
539,tera,5
540,akses,5
541,juni,5
542,normal,5
543,paham,5
544,sm,5
545,deteksi,5
546,kurang,5
547,libur,5
548,terap,5
549,salur,5
550,konsumsi,5
551,operasi,5
552,njih,5
553,urus,5
554,asli,5
555,bbrp,5
556,balas,5
557,biaya,5
558,kelompok,5
559,ramadhan,5
560,potensi,5
561,sana,5
562,monggo,5
563,barusan,5
564,modernavaksin,5
565,share,5
566,kesana,5
567,admindosis,5
568,cerah,5
569,suami,5
570,manaadmin,5
571,adminkak,5
572,bidan,5
573,hebat,5
574,phk,5
575,vitamin,5
576,khom,5
577,wahallo,5
578,burung,5
579,pesawat,4
580,semarangfitlistners,4
581,bingung,4
582,sekar,4
583,ditindaklanjuti,4
584,desemberfitphonelive,4
585,wolbachia,4
586,kendali,4
587,ayu,4
588,stbm,4
589,angelica,4
590,ida,4
591,darurat,4
592,ms,4
593,novemberbaru,4
594,novemberprogram,4
595,kimia,4
596,bicara,4
597,prioritas,4
598,twitter,4
599,pegawai,4
600,jabat,4
601,syifa,4
602,nafas,4
603,spkj,4
604,kasihterimakasih,4
605,nuwun,4
606,tunjuk,4
607,panik,4
608,luar,4
609,nongol,4
610,poncol,4
611,leptospirosis,4
612,ngeshare,4
613,randusari,4
614,tania,4
615,alat,4
616,rusak,4
617,spesial,4
618,ramah,4
619,kamar,4
620,lumayan,4
621,selesai,4
622,kluar,4
623,menopause,4
624,sosial,4
625,sat,4
626,set,4
627,misterius,4
628,djoko,4
629,spb,4
630,beri,4
631,si,4
632,pjn,4
633,posyandu,4
634,tawangmas,4
635,admininformasi,4
636,segera,4
637,sukses,4
638,puskemas,4
639,ayah,4
640,tahan,4
641,rencana,4
642,imbang,4
643,buru,4
644,smp,4
645,live,4
646,ngobrol,4
647,spesialis,4
648,disemarang,4
649,susu,4
650,usaha,4
651,klaim,4
652,rudy,4
653,bulu,4
654,mkes,4
655,hotline,4
656,az,4
657,boleh,4
658,rangka,4
659,berkas,4
660,error,4
661,demak,4
662,ready,4
663,balaikota,4
664,yah,4
665,ku,4
666,publik,4
667,diare,4
668,do,4
669,dagang,4
670,offline,4
671,preklin,4
672,negara,4
673,dikit,4
674,siswa,4
675,awas,4
676,untk,4
677,efek,4
678,jiwa,4
679,berani,4
680,ba,4
681,prokes,4
682,lovemy,4
683,cabut,4
684,april,4
685,swab,4
686,vaksinbaru,4
687,loh,4
688,gelar,4
689,kpcdi,4
690,bijak,4
691,semangat,4
692,posisi,4
693,efektif,4
694,tb,4
695,kemenkumham,4
696,gemar,4
697,kabupaten,4
698,satpol,4
699,wujud,4
700,konter,4
701,finasim,4
702,wanita,4
703,anakfitphonlive,4
704,sunti,4
705,tahu,4
706,sumber,4
707,adminktp,4
708,wna,4
709,chat,4
710,isolasi,4
711,satu,4
712,berat,4
713,iva,4
714,takut,4
715,untuk,4
716,kapal,4
717,ambulance,4
718,muter,4
719,kmrin,4
720,vksin,4
721,genap,4
722,nyata,4
723,ners,4
724,boosteradmin,4
725,klu,4
726,terimakasihvaksin,4
727,informasiadmin,4
728,rumdin,4
729,gayamsari,4
730,campak,4
731,positivity,4
732,tagih,4
733,rekening,4
734,kr,4
735,smsmanfaat,4
736,aktivitas,4
737,sps,4
738,daya,4
739,smstips,4
740,interaktiffitphonelive,4
741,gemuk,3
742,lucu,3
743,kasihmohon,3
744,pangan,3
745,skrining,3
746,odha,3
747,dwi,3
748,bandarharjo,3
749,drh,3
750,agnesia,3
751,mph,3
752,ber,3
753,eh,3
754,alisia,3
755,jelang,3
756,ludhang,3
757,andi,3
758,derita,3
759,lain,3
760,november,3
761,igd,3
762,tidur,3
763,mulut,3
764,budi,3
765,dadak,3
766,spu,3
767,mitos,3
768,area,3
769,farma,3
770,in,3
771,risky,3
772,yudo,3
773,tjandra,3
774,sumbat,3
775,kembang,3
776,covidbaru,3
777,pahlawan,3
778,periode,3
779,smrg,3
780,kelas,3
781,dipake,3
782,gilir,3
783,lilir,3
784,puskesmasmohon,3
785,kelola,3
786,sampah,3
787,selenggara,3
788,komitmen,3
789,produktif,3
790,kumpul,3
791,herpramanto,3
792,maharani,3
793,musim,3
794,hujan,3
795,spm,3
796,stress,3
797,semaranghallo,3
798,vct,3
799,inggrid,3
800,langgan,3
801,setia,3
802,opd,3
803,pb,3
804,masalah,3
805,pintu,3
806,utama,3
807,an,3
808,kis,3
809,menit,3
810,banyak,3
811,mochamad,3
812,cchallo,3
813,msi,3
814,walkot,3
815,himbau,3
816,mplus,3
817,tanggulang,3
818,ana,3
819,anam,3
820,juknis,3
821,ben,3
822,sakti,3
823,buah,3
824,idola,3
825,interaksi,3
826,prov,3
827,agustin,3
828,antibiotik,3
829,semarangkota,3
830,spfitphonelive,3
831,limfoma,3
832,sigit,3
833,on,3
834,site,3
835,subsidi,3
836,kelamin,3
837,langkah,3
838,ajak,3
839,pdpi,3
840,paru,3
841,yukk,3
842,cacar,3
843,monyet,3
844,rokok,3
845,agustusfitphonelive,3
846,agustusbaru,3
847,gera,3
848,generasi,3
849,elisabeth,3
850,prosedur,3
851,kategori,3
852,pribadi,3
853,gedung,3
854,otak,3
855,leher,3
856,hut,3
857,pulih,3
858,foto,3
859,boosterbooster,3
860,jamin,3
861,b,3
862,sehatbaru,3
863,lamar,3
864,jl,3
865,rapat,3
866,pabrik,3
867,kakadmin,3
868,direspon,3
869,lgs,3
870,corona,3
871,virus,3
872,menteri,3
873,rb,3
874,comment,3
875,pilek,3
876,lantai,3
877,mang,3
878,pasti,3
879,ilmiah,3
880,internasional,3
881,mandatory,3
882,promosi,3
883,jual,3
884,rakyat,3
885,bahan,3
886,video,3
887,bebas,3
888,buruk,3
889,bisnis,3
890,nyawa,3
891,bangsa,3
892,sasar,3
893,banding,3
894,naik,3
895,lor,3
896,pintar,3
897,olahraga,3
898,idap,3
899,masker,3
900,pasang,3
901,luka,3
902,zulfachmi,3
903,wahab,3
904,id,3
905,urat,3
906,rahim,3
907,infeksi,3
908,sahyuni,3
909,medsos,3
910,gambar,3
911,wali,3
912,db,3
913,senantiasa,3
914,ktnya,3
915,manual,3
916,ambul,3
917,desy,3
918,wakil,3
919,cabang,3
920,sinopharmadmin,3
921,the,3
922,respon,3
923,bohong,3
924,rekrutmen,3
925,mbak,3
926,kuat,3
927,imunitas,3
928,kendala,3
929,ikanbhp,3
930,minimal,3
931,pilihadmin,3
932,muda,3
933,angkat,3
934,ngomong-ngomong,3
935,kadang,3
936,izin,3
937,lindungadmin,3
938,lsg,3
939,konsul,3
940,mijen,3
941,kemd,3
942,og,3
943,postingan,3
944,gabung,3
945,isoman,3
946,nggeh,3
947,otomatis,3
948,bambang,3
949,feb,3
950,koordinator,3
951,skg,3
952,sehatadmin,3
953,terupdate,3
954,sadanis,3
955,subur,3
956,bidang,3
957,lanjur,3
958,dn,3
959,screenshot,3
960,parkir,3
961,care,3
962,ngalian,3
963,rentan,3
964,spirit,3
965,jawab,3
966,ii,3
967,perang,3
968,salin,3
969,hidung,3
970,daftarin,3
971,mlh,3
972,terimakasihadmin,3
973,heboh,3
974,tekan,3
975,tulis,3
976,konek,3
977,johnson,3
978,kaya,3
979,puskesmasadmin,3
980,adminminkes,3
981,padu,3
982,suwunadmin,3
983,sediavaksin,3
984,vaksinadmin,3
985,pesan,3
986,tensi,3
987,bu,3
988,mordena,3
989,gimn,3
990,remaja,3
991,kasi,3
992,vaksinbooster,3
993,ratenya,3
994,ny,3
995,nyeri,3
996,call,3
997,center,3
998,pirt,3
999,latih,3
1000,patah,3
1001,kaki,3
1002,api,3
1003,ronsen,3
1004,lunas,3
1005,bni,3
1006,sediaadmin,3
1007,toko,3
1008,is,3
1009,harap,3
1010,spmk,3
1011,lari,3
1012,fisik,3
1013,spjp,3
1014,arcturus,3
1015,armada,3
1016,kmi,3
1017,marburg,3
1018,rebriarina,3
1019,for,3
1020,unggas,3
1021,dokterfitphonelive,3
1022,kraken,3
1023,screening,3
1024,desembermohon,2
1025,fitlisteners,2
1026,talkshow,2
1027,fit,2
1028,manyarbaru,2
1029,kotor,2
1030,telinga,2
1031,antono,2
1032,manusia,2
1033,phhallo,2
1034,siti,2
1035,dita,2
1036,ma,2
1037,yayasan,2
1038,daniel,2
1039,candra,2
1040,teknologi,2
1041,nanda,2
1042,dien,2
1043,hasana,2
1044,bakteri,2
1045,lepas,2
1046,cerita,2
1047,jenny,2
1048,sppfitphonelive,2
1049,michael,2
1050,triangto,2
1051,sphallo,2
1052,ngendok,2
1053,spjpprogram,2
1054,thalasemia,2
1055,pilar,2
1056,kartiyani,2
1057,kurniawan,2
1058,mhallo,2
1059,disabilitas,2
1060,indah,2
1061,sari,2
1062,yunis,2
1063,miko,2
1064,tunehallo,2
1065,khomfitphonelive,2
1066,rr,2
1067,endang,2
1068,harumwati,2
1069,nderbaru,2
1070,novemberfitphonelive,2
1071,inge,2
1072,putih,2
1073,spand,2
1074,fitphonelivebaru,2
1075,cedera,2
1076,bola,2
1077,keras,2
1078,lister,2
1079,konser,2
1080,musik,2
1081,pandu,2
1082,riono,2
1083,prematur,2
1084,james,2
1085,allan,2
1086,fakta,2
1087,situ,2
1088,manabaru,2
1089,ketuaprogram,2
1090,nyaman,2
1091,menstruasi,2
1092,terimakasihbaru,2
1093,wafa,2
1094,hidayathallo,2
1095,perut,2
1096,faktor,2
1097,daniella,2
1098,lawang,2
1099,saudari,2
1100,klarifikasi,2
1101,ucap,2
1102,tindaklanjuti,2
1103,kulon,2
1104,spkfrfitphonelive,2
1105,irawan,2
1106,zullies,2
1107,deklarasi,2
1108,bugar,2
1109,radius,2
1110,outdoor,2
1111,balai,2
1112,desa,2
1113,kerumun,2
1114,em,2
1115,novembermohon,2
1116,post,2
1117,disorder,2
1118,lahargo,2
1119,extra,2
1120,oktobersimak,2
1121,fitri,2
1122,semarangmohon,2
1123,sanitasi,2
1124,bas,2
1125,seng,2
1126,rina,2
1127,amalia,2
1128,antar,2
1129,pringgodigdo,2
1130,sigid,2
1131,kirana,2
1132,oktoberterimakasih,2
1133,pdamselamat,2
1134,hendi,2
1135,oktoberfitphonelive,2
1136,adib,2
1137,khumaidi,2
1138,ot,2
1139,puskesmascek,2
1140,dijelasin,2
1141,didaftarin,2
1142,kontrol,2
1143,sekuriti,2
1144,ket,2
1145,fc,2
1146,belah,2
1147,inti,2
1148,panas,2
1149,ditunjukin,2
1150,tempat,2
1151,puas,2
1152,kondisi,2
1153,literasi,2
1154,subvarian,2
1155,xbb,2
1156,nahwa,2
1157,puskesmashalo,2
1158,urgent,2
1159,adminduk,2
1160,cuci,2
1161,mfitphonelive,2
1162,bening,2
1163,nuwunmohon,2
1164,yaabaru,2
1165,etilen,2
1166,oksida,2
1167,endemi,2
1168,tunefitphonelive,2
1169,radityo,2
1170,abaru,2
1171,admingiat,2
1172,covidbooster,2
1173,boosterbaru,2
1174,sosmed,2
1175,mungkin,2
1176,cantum,2
1177,bunga,2
1178,pancasila,2
1179,bangkit,2
1180,padangsari,2
1181,septembermohon,2
1182,media,2
1183,viktori,2
1184,sehatmonggo,2
1185,ketingggalan,2
1186,bincang,2
1187,radio,2
1188,septemberbaru,2
1189,septemberhallo,2
1190,juru,2
1191,wabah,2
1192,septemberfitphonelive,2
1193,dapat,2
1194,dyah,2
1195,karangdoro,2
1196,khomhallo,2
1197,minat,2
1198,maksimal,2
1199,kakbaru,2
1200,sepsis,2
1201,semenjak,2
1202,join,2
1203,vaksintolong,2
1204,rahardiyanti,2
1205,aria,2
1206,hendra,2
1207,irene,2
1208,astrid,2
1209,larasati,2
1210,ked,2
1211,kolom,2
1212,asam,2
1213,edukasi,2
1214,sofyan,2
1215,uhcbaru,2
1216,serah,2
1217,nutrisi,2
1218,lawan,2
1219,anemia,2
1220,fungsi,2
1221,simongan,2
1222,afifah,2
1223,tarif,2
1224,minta,2
1225,cipta,2
1226,tangkap,2
1227,tipes,2
1228,tindakbaru,2
1229,kader,2
1230,bp,2
1231,sh,2
1232,free,2
1233,kam,2
1234,admincek,2
1235,lamper,2
1236,fotokopi,2
1237,kia,2
1238,canang,2
1239,merdeka,2
1240,kuponbaru,2
1241,keb,2
1242,saputra,2
1243,adminterimakasih,2
1244,nakesnya,2
1245,bagi,2
1246,modernabaru,2
1247,alih,2
1248,cynthia,2
1249,adik,2
1250,tk,2
1251,kronologi,2
1252,peran,2
1253,utara,2
1254,posbindu,2
1255,terimakasihmohon,2
1256,tenang,2
1257,nuwunbaru,2
1258,top,2
1259,kompetisi,2
1260,pan,2
1261,like,2
1262,angel,2
1263,tbc,2
1264,pasar,2
1265,johar,2
1266,unjung,2
1267,flyer,2
1268,loket,2
1269,kunjung,2
1270,kampung,2
1271,paksin,2
1272,suka,2
1273,ekspor,2
1274,bpom,2
1275,eua,2
1276,produk,2
1277,nerima,2
1278,narkotika,2
1279,zat,2
1280,zoom,2
1281,meeting,2
1282,bong,2
1283,percaya,2
1284,kopit,2
1285,akal,2
1286,dogter,2
1287,gadungan,2
1288,tusuk,2
1289,sadar,2
1290,iklan,2
1291,paksa,2
1292,hewan,2
1293,gila,2
1294,ribu,2
1295,fucksin,2
1296,goblok,2
1297,sangat,2
1298,enak,2
1299,elon,2
1300,plus,2
1301,hadap,2
1302,garda,2
1303,aku,2
1304,kipi,2
1305,rate,2
1306,biasa,2
1307,boss,2
1308,apotek,2
1309,stock,2
1310,lelah,2
1311,dewi,2
1312,antibodi,2
1313,anggraeni,2
1314,amk,2
1315,ivander,2
1316,ramon,2
1317,fisr,2
1318,link,2
1319,infografis,2
1320,ayobaru,2
1321,datang,2
1322,firmanita,2
1323,informasibooster,2
1324,gawat,2
1325,pratiwi,2
1326,pos,2
1327,meibaru,2
1328,cuti,2
1329,aprilinformasi,2
1330,opname,2
1331,check,2
1332,aprilterimakasih,2
1333,quote,2
1334,aprilhai,2
1335,ngamen,2
1336,besan,2
1337,sahur,2
1338,cekbaru,2
1339,barat,2
1340,jajar,2
1341,aprilbaru,2
1342,apriladmin,2
1343,sampokong,2
1344,adminhai,2
1345,spbs,2
1346,sinoparm,2
1347,langka,2
1348,halang,2
1349,family,2
1350,gathering,2
1351,hendrar,2
1352,prihadi,2
1353,komen,2
1354,pakenya,2
1355,zein,2
1356,sedang,2
1357,yok,2
1358,yach,2
1359,ibadah,2
1360,semarangdaftar,2
1361,larang,2
1362,gendhis,2
1363,doktor,2
1364,akun,2
1365,farel,2
1366,gembira,2
1367,tuju,2
1368,pola,2
1369,nanyain,2
1370,pneumonia,2
1371,maretminkes,2
1372,dmbaru,2
1373,maretbaru,2
1374,dp,2
1375,late,2
1376,homolog,2
1377,jarang,2
1378,trijaya,2
1379,healthy,2
1380,cities,2
1381,summit,2
1382,kadinkes,2
1383,moch,2
1384,pati,2
1385,server,2
1386,janssen,2
1387,piknik,2
1388,bakso,2
1389,keluar,2
1390,drive,2
1391,thru,2
1392,saksi,2
1393,ngobras,2
1394,asik,2
1395,rowosari,2
1396,februaribaru,2
1397,kpti,2
1398,komorbid,2
1399,caesar,2
1400,pudak,2
1401,payung,2
1402,dose,2
1403,adminayo,2
1404,cc,2
1405,tukang,2
1406,rasa,2
1407,bandung,2
1408,hub,2
1409,lowong,2
1410,pusk,2
1411,very,2
1412,satgas,2
1413,gelombang,2
1414,sudarmanto,2
1415,tun,2
1416,paksi,2
1417,saraf,2
1418,whatsapp,2
1419,didik,2
1420,tertib,2
1421,papar,2
1422,blom,2
1423,universitas,2
1424,kala,2
1425,herman,2
1426,kristanto,2
1427,siaga,2
1428,meni,2
1429,jeda,2
1430,tipu,2
1431,mengatasnamakan,2
1432,sdk,2
1433,tujubaru,2
1434,akurat,2
1435,kasihvaksin,2
1436,neng,2
1437,nyuntik,2
1438,tarik,2
1439,ajar,2
1440,kontak,2
1441,nomer,2
1442,notifikasi,2
1443,victoriadmin,2
1444,siap,2
1445,hotel,2
1446,rebut,2
1447,januarivaksin,2
1448,lindungmaaf,2
1449,kebal,2
1450,adminmaaf,2
1451,maklum,2
1452,download,2
1453,motivasi,2
1454,po,2
1455,menu,2
1456,merk,2
1457,negeri,2
1458,gado,2
1459,januariprogram,2
1460,terbit,2
1461,islam,2
1462,tahapvaksin,2
1463,wes,2
1464,fenomena,2
1465,jumplah,2
1466,sumur,2
1467,admindokter,2
1468,vaksinv,2
1469,gvaksin,2
1470,pamer,2
1471,alutsista,2
1472,qu,2
1473,agenda,2
1474,random,2
1475,admintenaga,2
1476,adminnakes,2
1477,admine,2
1478,hbs,2
1479,terapi,2
1480,seluruh,2
1481,semarangvaksin,2
1482,batu,2
1483,jatingaleh,2
1484,terimakasihijin,2
1485,langsungadmin,2
1486,msuk,2
1487,tnya,2
1488,kmren,2
1489,vaksinminkes,2
1490,go,2
1491,tu,2
1492,got,2
1493,profesi,2
1494,anggap,2
1495,false,2
1496,madu,2
1497,tracing,2
1498,desember,2
1499,javamall,2
1500,romadhon,2
1501,vasin,2
1502,lambat,2
1503,asing,2
1504,eror,2
1505,boosternyavaksin,2
1506,ibu,2
1507,kosongadmin,2
1508,lapang,2
1509,pfizeradmin,2
1510,tenggorok,2
1511,sesak,2
1512,modernabooster,2
1513,adminmoderna,2
1514,trimakasihadmin,2
1515,blan,2
1516,thvaksin,2
1517,imlek,2
1518,duduk,2
1519,py,2
1520,tunjukdaftar,2
1521,dmna,2
1522,sinofharm,2
1523,unt,2
1524,usiavaksin,2
1525,visit,2
1526,tipe,2
1527,rotavirus,2
1528,baruvaksin,2
1529,fokus,2
1530,yaaa,2
1531,case,2
1532,dki,2
1533,rutin,2
1534,jakarta,2
1535,puskesmasmaaf,2
1536,abai,2
1537,apalg,2
1538,lindungvaksin,2
1539,boosternyakak,2
1540,boostermaaf,2
1541,kahadmin,2
1542,terinput,2
1543,kd,2
1544,mundu,2
1545,divictori,2
1546,c,2
1547,sblmnya,2
1548,adminhalo,2
1549,dapetnya,2
1550,bosternya,2
1551,arah,2
1552,buvaksin,2
1553,manavaksin,2
1554,skr,2
1555,uhcmaaf,2
1556,tappa,2
1557,cicil,2
1558,uhcmalam,2
1559,pripun,2
1560,admindaftar,2
1561,agnya,2
1562,i,2
1563,dosisadmin,2
1564,adminsiang,2
1565,da,2
1566,pecat,2
1567,prushaan,2
1568,tny,2
1569,q,2
1570,jamu,2
1571,suplemen,2
1572,termorex,2
1573,herbal,2
1574,sekrg,2
1575,aduh,2
1576,bny,2
1577,terimakasihselamat,2
1578,saudara,2
1579,riwayat,2
1580,nolak,2
1581,ankutan,2
1582,kb,2
1583,rswn,2
1584,serviks,2
1585,mobile,2
1586,customer,2
1587,service,2
1588,smsresiko,2
1589,apoteker,2
1590,bkd,2
1591,jama,2
1592,ah,2
1593,smsatas,2
1594,smsobat,2
1595,handayani,2
1596,smsawat,2
1597,komplikasi,2
1598,smstangan,2
1599,vertigo,2
1600,semarangterima,2
1601,thalassemia,2
1602,cetus,2
1603,smshalo,2
1604,operator,2
1605,nomorbaru,2
1606,smsimunisasi,2
1607,smsjaga,2
1608,yunita,2
1609,smssehat,2
1610,smsbaru,2
1611,sampun,2
1612,smstanda,2
1613,ph,2
1614,puskesamas,2
1615,wacegah,2
1616,wakiat,2
1617,wasimak,2
1618,epilepsi,2
1619,fajar,2
1620,interaktifmanfaat,2
1621,tabung,2
1622,bengok,2
1623,spthtkl,2
1624,depresi,2
1625,waprogram,2
1626,semarangobat,2
1627,xrpxrp,2
1628,harka,2
1629,dokterdeteksi,2
1630,kronis,2
1631,dokteralas,2
1632,kusta,2
1633,hall,2
1634,sarang,2
1635,tikus,2
1636,napas,2
1637,genang,2
1638,arv,2
1639,halo,1
1640,sediasinopharmbaru,1
1641,manyarvaksin,1
1642,phone,1
1643,liveanak,1
1644,puskesmasselamat,1
1645,miminokee,1
1646,makasiibaru,1
1647,desembermjb,1
1648,kakfitlistners,1
1649,ham,1
1650,semarangkeluar,1
1651,spththallo,1
1652,obesitasadmin,1
1653,desemberhallo,1
1654,puskesmasreschedule,1
1655,minggutolong,1
1656,bolak,1
1657,kuninghallo,1
1658,degah,1
1659,rizki,1
1660,amaliabaru,1
1661,desemberpuskesmas,1
1662,bodohdiabetes,1
1663,kucing,1
1664,nafrinaasupan,1
1665,mineral,1
1666,mphbaru,1
1667,jusuf,1
1668,kristianto,1
1669,rifahsuluh,1
1670,dengue,1
1671,rahardja,1
1672,kekancan,1
1673,grupstiff,1
1674,person,1
1675,syndrome,1
1676,ajid,1
1677,spbsprogram,1
1678,rizky,1
1679,sppdbaru,1
1680,edo,1
1681,wira,1
1682,spthtbklfitphonelive,1
1683,afrina,1
1684,spthtfitphonelive,1
1685,windhuhallo,1
1686,semarangkak,1
1687,kasihworkshop,1
1688,aedes,1
1689,aegypti,1
1690,spufitphonelive,1
1691,afifahhallo,1
1692,lawangsewu,1
1693,mirotolepas,1
1694,dukungwingko,1
1695,pendek,1
1696,ing,1
1697,shabrinafitphonelive,1
1698,sutantibaru,1
1699,desemberwarak,1
1700,sabet,1
1701,kemenpan,1
1702,rbemail,1
1703,wetanfitphonelive,1
1704,minor,1
1705,umi,1
1706,sppdatur,1
1707,natarupilar,1
1708,ria,1
1709,herianiebaru,1
1710,spmkkumur,1
1711,sikat,1
1712,irma,1
1713,perioantibiotik,1
1714,nadiaprogramfitphonelive,1
1715,strategi,1
1716,pananganan,1
1717,sppdvaksin,1
1718,alifia,1
1719,semarangprogram,1
1720,spsimak,1
1721,spsebab,1
1722,minus,1
1723,ranthy,1
1724,dyan,1
1725,fakhri,1
1726,mentalastrazeneca,1
1727,desembertangan,1
1728,jawadisabilitas,1
1729,naela,1
1730,munawaroh,1
1731,perdosri,1
1732,diyaksesibilitas,1
1733,amkprogram,1
1734,nurvita,1
1735,nindita,1
1736,ogfitphonelive,1
1737,wahyono,1
1738,harrisprogram,1
1739,hivdampak,1
1740,psikologis,1
1741,jatu,1
1742,anggrenifitphonelive,1
1743,puskesmasaids,1
1744,hematologi,1
1745,zeinfitradiosemarang,1
1746,profile,1
1747,picture,1
1748,fitradiosemarang,1
1749,pujiyati,1
1750,amkbaru,1
1751,novemberdampak,1
1752,tiroid,1
1753,anna,1
1754,kemdwindhu,1
1755,gempagermas,1
1756,skmadmin,1
1757,rumasakit,1
1758,dimintain,1
1759,rujukbaru,1
1760,novemberselamat,1
1761,permadhi,1
1762,spbaik,1
1763,dyanbaru,1
1764,zulfa,1
1765,produksi,1
1766,sperma,1
1767,susut,1
1768,mandulkualitas,1
1769,sepak,1
1770,spkotolong,1
1771,bentur,1
1772,spkfrhallo,1
1773,neneng,1
1774,starter,1
1775,pack,1
1776,new,1
1777,normalbaru,1
1778,novembersebab,1
1779,rochman,1
1780,sppmfitphonelive,1
1781,besama,1
1782,persbooster,1
1783,phprogram,1
1784,retnani,1
1785,novembergejala,1
1786,ebola,1
1787,ludhangprogram,1
1788,aishah,1
1789,aninbaru,1
1790,polio,1
1791,klb,1
1792,kesprogram,1
1793,vasektomibaru,1
1794,shahumiprogram,1
1795,spogomicron,1
1796,bn,1
1797,dicky,1
1798,budiman,1
1799,raditya,1
1800,pradana,1
1801,tlogosarikulonada,1
1802,usm,1
1803,walk,1
1804,nov,1
1805,pagicek,1
1806,nderrr,1
1807,detail,1
1808,novemberingat,1
1809,ppok,1
1810,spmkmmprogram,1
1811,frieda,1
1812,nrhfitphonelivehallo,1
1813,nurfarida,1
1814,umami,1
1815,bangetayubaru,1
1816,novembermonitoring,1
1817,adminmakan,1
1818,tagihprogram,1
1819,spgkhallo,1
1820,rahmibaru,1
1821,spkjfitphonelive,1
1822,johanes,1
1823,casay,1
1824,chandrawinata,1
1825,mnd,1
1826,dehidrasihallo,1
1827,astri,1
1828,dahlianakirim,1
1829,kakdm,1
1830,vaksinmonggo,1
1831,pppk,1
1832,fungsional,1
1833,seduania,1
1834,kulitprogram,1
1835,diabetesfitphonelive,1
1836,woro,1
1837,hernani,1
1838,keppneumonia,1
1839,spptahan,1
1840,belinda,1
1841,chandrapingg,1
1842,dhenatas,1
1843,kembung,1
1844,kgehfitphonelivetemu,1
1845,nilai,1
1846,nadi,1
1847,bhdadmin,1
1848,lindungmasalah,1
1849,kadinkesfitphonelive,1
1850,fauziar,1
1851,ahnaf,1
1852,spjpsehat,1
1853,samsudin,1
1854,kessehat,1
1855,skizofrenia,1
1856,keswanapzasehat,1
1857,sewutolong,1
1858,novembertanggap,1
1859,ketidakpuasan,1
1860,ketidaknyamanan,1
1861,menindaklanjuti,1
1862,laporsegenap,1
1863,teladanjadwal,1
1864,sinopharmcpr,1
1865,jawahallo,1
1866,krobokanditindaklanjuti,1
1867,suara,1
1868,nasibterimakasih,1
1869,lapormohon,1
1870,likenya,1
1871,voting,1
1872,novemberpuskesmas,1
1873,lynn,1
1874,dokterny,1
1875,gampangke,1
1876,naudzubillah,1
1877,ramahfitphonelive,1
1878,spsprogram,1
1879,mphhallo,1
1880,sehatminta,1
1881,ketenagakerjaanmatur,1
1882,admintinggal,1
1883,ktpmohon,1
1884,tindaklanjutikerumun,1
1885,massa,1
1886,lupusprogram,1
1887,ikawatihallo,1
1888,miminterimakasih,1
1889,adminsore,1
1890,stasiun,1
1891,tawang,1
1892,antre,1
1893,screenshoot,1
1894,kasihayo,1
1895,tangga,1
1896,poncolkamis,1
1897,waras,1
1898,wargane,1
1899,kuthone,1
1900,hebatadmin,1
1901,meter,1
1902,empunya,1
1903,empunyaadmin,1
1904,updatenya,1
1905,siasat,1
1906,naung,1
1907,abate,1
1908,basmi,1
1909,jentikgiat,1
1910,kecambah,1
1911,bocah,1
1912,duwur,1
1913,ccfenomena,1
1914,tjandrafitphonelive,1
1915,spogbahaya,1
1916,semarangwaspada,1
1917,puskesmasproses,1
1918,validasi,1
1919,bkpp,1
1920,rka,1
1921,bpkad,1
1922,bank,1
1923,jatengbaru,1
1924,sabarfitphonelive,1
1925,chyntiafitphonelive,1
1926,traumatic,1
1927,kjbahaya,1
1928,karangdorosuwun,1
1929,tiarahaloooo,1
1930,time,1
1931,yukyuk,1
1932,yaaaa,1
1933,mutiarawatifitphonelive,1
1934,awaspada,1
1935,memberitahukan,1
1936,total,1
1937,nuwunfitphonelive,1
1938,bahab,1
1939,ranuan,1
1940,herbalfitphonelive,1
1941,serang,1
1942,alvin,1
1943,tonangtolong,1
1944,cpr,1
1945,bobi,1
1946,prabowo,1
1947,emprogram,1
1948,skmbantu,1
1949,terus,1
1950,kasihmonitoring,1
1951,miminsiang,1
1952,satmoko,1
1953,kelud,1
1954,sampang,1
1955,evaluasibaru,1
1956,oktobermaaf,1
1957,sisdmk,1
1958,terimakasihperhati,1
1959,colekbaru,1
1960,oktoberterima,1
1961,kghprogram,1
1962,stuntingfitphonelivebaru,1
1963,oktoberefektifitas,1
1964,fomepizole,1
1965,zulliesingat,1
1966,lintang,1
1967,bhima,1
1968,spfmfomepizole,1
1969,candrahallo,1
1970,pcosmonggo,1
1971,lontong,1
1972,blora,1
1973,order,1
1974,viabaru,1
1975,tum,1
1976,moh,1
1977,ikutdokter,1
1978,oktobertuju,1
1979,poin,1
1980,oknum,1
1981,rspulang,1
1982,titip,1
1983,perwat,1
1984,terimakasihsore,1
1985,aktifbesok,1
1986,trnyta,1
1987,oh,1
1988,materai,1
1989,lembar,1
1990,apakamar,1
1991,suster,1
1992,parikesit,1
1993,ranjang,1
1994,informatifregistrasi,1
1995,turut,1
1996,pasienregistrasi,1
1997,inappakai,1
1998,srt,1
1999,rwmasuk,1
2000,ditanyain,1
2001,aktifalhamdulillah,1
2002,kerjadiskusi,1
2003,cctopik,1
2004,diskusi,1
2005,osteoporosis,1
2006,osteoporosissalam,1
2007,hormat,1
2008,oktobercovid,1
2009,spmkfitphonelive,1
2010,yohana,1
2011,sppdfitphonelive,1
2012,paracetamolhallo,1
2013,unfo,1
2014,huhuhu,1
2015,pdamterimakasih,1
2016,selatanfitphonelive,1
2017,fmfitradiosemarang,1
2018,olivia,1
2019,spoginteraksi,1
2020,spkjhadap,1
2021,yuli,1
2022,ferprogram,1
2023,rarung,1
2024,mmhallo,1
2025,fatikha,1
2026,mijensinovac,1
2027,blnnya,1
2028,habisbaru,1
2029,victoriinformasi,1
2030,vaksinminta,1
2031,ketenagakerjaan,1
2032,ppid,1
2033,uhcmohon,1
2034,infony,1
2035,adminduga,1
2036,zulliesbaru,1
2037,oktoberhindar,1
2038,onk,1
2039,medbersih,1
2040,syahidah,1
2041,rbaru,1
2042,novi,1
2043,diabetik,1
2044,makular,1
2045,edema,1
2046,marisa,1
2047,rachim,1
2048,batuta,1
2049,stanting,1
2050,fkk,1
2051,survey,1
2052,mawas,1
2053,smd,1
2054,nuwunoktober,1
2055,duniaadmin,1
2056,oktoberkemarin,1
2057,semarangkah,1
2058,artikel,1
2059,semarangterimakasih,1
2060,koordinasicegah,1
2061,sekolahterima,1
2062,njihsdn,1
2063,gayamsarikak,1
2064,papasekolah,1
2065,adminpagi,1
2066,miinhaloo,1
2067,oktobersehat,1
2068,health,1
2069,matters,1
2070,kadek,1
2071,anggreni,1
2072,gantar,1
2073,kepbaru,1
2074,denti,1
2075,puspasari,1
2076,afifahfitphonelive,1
2077,monica,1
2078,sulistyawati,1
2079,sharentingkesiap,1
2080,spjpfitphonelive,1
2081,spjpcapai,1
2082,oktoberbooster,1
2083,mawar,1
2084,kasie,1
2085,trantib,1
2086,krobokanvaksin,1
2087,kahdasar,1
2088,untun,1
2089,sinopharminformasi,1
2090,oktoberstok,1
2091,kesiniadmin,1
2092,gada,1
2093,ketemu,1
2094,kawansesuai,1
2095,hany,1
2096,juliadmin,1
2097,oktoberadmin,1
2098,pcvnya,1
2099,mogabaru,1
2100,oktoberhallo,1
2101,hentyka,1
2102,caesarinanda,1
2103,bangetayu,1
2104,jauh,1
2105,rokokcek,1
2106,kasdalem,1
2107,nderek,1
2108,dawuh,1
2109,adminshap,1
2110,updatenyainformasi,1
2111,websitemohon,1
2112,sahabat,1
2113,terimakasihmaslur,1
2114,iso,1
2115,dadi,1
2116,wni,1
2117,hehehehehmohon,1
2118,pusatmonggoayo,1
2119,isoadmin,1
2120,adminfitphonelive,1
2121,vera,1
2122,itabilianahallo,1
2123,puskesmaskak,1
2124,yaamanfaat,1
2125,telang,1
2126,septemberselamat,1
2127,banyumanikcussuwun,1
2128,henbaru,1
2129,kawansugeng,1
2130,enjang,1
2131,senyap,1
2132,matursuwun,1
2133,kulonmonggo,1
2134,fkkayo,1
2135,cchalo,1
2136,kasihfitphonelive,1
2137,nikahbaru,1
2138,septemberbatuk,1
2139,mekanisme,1
2140,yoga,1
2141,aditama,1
2142,pfitphonelive,1
2143,spkjdiabetes,1
2144,prediabetes,1
2145,fitphonelivegiat,1
2146,krobokanbaru,1
2147,wibaru,1
2148,septembersebab,1
2149,gumpal,1
2150,fitphonelivefitphonelivefitphonelive,1
2151,uihallo,1
2152,aprilia,1
2153,mahatmantimohon,1
2154,pusatprogram,1
2155,handayanipandemi,1
2156,mkesfitphonelive,1
2157,fajri,1
2158,adda,1
2159,ihallo,1
2160,muslikha,1
2161,astutivaksin,1
2162,mphpalang,1
2163,merah,1
2164,sudirman,1
2165,said,1
2166,sekjend,1
2167,pusathati,1
2168,yn,1
2169,oktoberbaru,1
2170,septembermsg,1
2171,bikun,1
2172,gejalany,1
2173,septemberterimakasih,1
2174,admintinggi,1
2175,puskesmastinggi,1
2176,puskesmasprogram,1
2177,oktoberythkabar,1
2178,septembersepsis,1
2179,adeline,1
2180,fitphonelivemohon,1
2181,miminselamat,1
2182,atay,1
2183,terimakasihmonggo,1
2184,kuotafitphonelive,1
2185,zeinhallo,1
2186,usiamohon,1
2187,miminbantukuota,1
2188,sold,1
2189,out,1
2190,terimakasihberi,1
2191,selatan,1
2192,randusaricuzzz,1
2193,glowing,1
2194,linkpicu,1
2195,bunuh,1
2196,gina,1
2197,spkjbaru,1
2198,sutanti,1
2199,septemberobat,1
2200,serentak,1
2201,daftarputri,1
2202,kasihputri,1
2203,vaksinusia,1
2204,seko,1
2205,domsav,1
2206,loyolavitamin,1
2207,prenatal,1
2208,mphfitphonelive,1
2209,jerawat,1
2210,bawang,1
2211,spkkterapi,1
2212,holistik,1
2213,mangkanggiat,1
2214,septembermobile,1
2215,eleven,1
2216,karaokeinstagram,1
2217,cantik,1
2218,devi,1
2219,arini,1
2220,siapin,1
2221,komentarpola,1
2222,kemdsulfur,1
2223,dioksida,1
2224,benzoat,1
2225,spinal,1
2226,muscular,1
2227,atrophyhallo,1
2228,nelis,1
2229,alfianti,1
2230,ngaliyanlurah,1
2231,entas,1
2232,cclayan,1
2233,bund,1
2234,ayoselamat,1
2235,kasihtangan,1
2236,spogsakit,1
2237,legionnaire,1
2238,raharjo,1
2239,fisrsimpan,1
2240,asi,1
2241,perah,1
2242,purwoyosobaru,1
2243,septemberminta,1
2244,septemberadmin,1
2245,holy,1
2246,stadium,1
2247,sampek,1
2248,bantubaru,1
2249,septembermakan,1
2250,spbaru,1
2251,septembertempat,1
2252,gereja,1
2253,gbt,1
2254,alfa,1
2255,omega,1
2256,basahhallo,1
2257,senyum,1
2258,ceriabooster,1
2259,vbaru,1
2260,septemberkendali,1
2261,satyasari,1
2262,spkjdekat,1
2263,trixie,1
2264,salawati,1
2265,sos,1
2266,keshallo,1
2267,widoasti,1
2268,utami,1
2269,krisna,1
2270,tsaniadi,1
2271,prihastomohallo,1
2272,idayani,1
2273,gunungpatibaru,1
2274,agustusayo,1
2275,tablet,1
2276,hebatbaru,1
2277,nazhif,1
2278,gifari,1
2279,dkksemarangfitphonelive,1
2280,andita,1
2281,gayamsarisusah,1
2282,victoritular,1
2283,kutil,1
2284,teguh,1
2285,priyanto,1
2286,kakaksuwun,1
2287,hen,1
2288,njenengan,1
2289,pancen,1
2290,tophallosayang,1
2291,refreshing,1
2292,bundvaksin,1
2293,jawafitphonelive,1
2294,melinda,1
2295,arum,1
2296,mila,1
2297,ngemplak,1
2298,stressfitphonelive,1
2299,pdpotjihallo,1
2300,azizah,1
2301,nersmohon,1
2302,lakudulur,1
2303,bpjsperiksa,1
2304,perwalhallo,1
2305,hebatketemu,1
2306,temlen,1
2307,netizen,1
2308,jaminselamat,1
2309,tanggap,1
2310,direct,1
2311,message,1
2312,agustusgiat,1
2313,jumantik,1
2314,dipimipin,1
2315,sutono,1
2316,menghimbau,1
2317,ccmohon,1
2318,bpjsnya,1
2319,pandanarancek,1
2320,kq,1
2321,darahsedia,1
2322,vaksintipes,1
2323,seninnggih,1
2324,partisipasi,1
2325,maju,1
2326,semarangselamat,1
2327,minkestanggap,1
2328,barumohon,1
2329,kasihcepat,1
2330,tanya,1
2331,simpel,1
2332,fungsiselamat,1
2333,kasihmaaf,1
2334,wewenang,1
2335,laporhendi,1
2336,kasihnjenengan,1
2337,mboten,1
2338,saget,1
2339,toinpo,1
2340,dipsbooster,1
2341,adminwali,1
2342,progres,1
2343,aturmohon,1
2344,bpjsvaksin,1
2345,adminbiasa,1
2346,amalini,1
2347,sekretaris,1
2348,prihatin,1
2349,iman,1
2350,nugroho,1
2351,kesfitphonelivehallo,1
2352,desi,1
2353,arisanti,1
2354,agustussehat,1
2355,fondasi,1
2356,handayanifitphonelive,1
2357,syahyuni,1
2358,anakatas,1
2359,handoyo,1
2360,kfrmatur,1
2361,nuwunterima,1
2362,meresponhallo,1
2363,agustusselamat,1
2364,buku,1
2365,pustakawa,1
2366,respondm,1
2367,adminhallo,1
2368,upacara,1
2369,kuattunggu,1
2370,kemenkesdm,1
2371,selesaiadmin,1
2372,pedulilindungilayan,1
2373,agustusyaa,1
2374,dmsapih,1
2375,stella,1
2376,tinia,1
2377,susilowati,1
2378,lorsimak,1
2379,grahita,1
2380,ortsimak,1
2381,retnaningsih,1
2382,kic,1
2383,otakfitphonelive,1
2384,hermawan,1
2385,mars,1
2386,cics,1
2387,dewan,1
2388,pakar,1
2389,iakmibaru,1
2390,agustustunggu,1
2391,drop,1
2392,komunikasi,1
2393,pusatkomunikasirs,1
2394,modernakajimohon,1
2395,agustustanggal,1
2396,tanggaltanggal,1
2397,daftarfitphonelive,1
2398,hanyadiadmin,1
2399,rubella,1
2400,dismrg,1
2401,tggl,1
2402,brpahalo,1
2403,dptkan,1
2404,sgra,1
2405,semarangsam,1
2406,kongbiar,1
2407,gampang,1
2408,linemonggo,1
2409,lazzz,1
2410,lezzz,1
2411,atasfitphonelive,1
2412,rheno,1
2413,onkfitphonelive,1
2414,ra,1
2415,adaninggarhallo,1
2416,mangkangbaru,1
2417,agustusminkes,1
2418,kuponselamat,1
2419,sangkutfitphonelive,1
2420,jawatengahhallo,1
2421,arief,1
2422,rachman,1
2423,affandi,1
2424,iddisiplin,1
2425,agustusvaksin,1
2426,busuibaru,1
2427,agustushallo,1
2428,adzkia,1
2429,tambakajibaru,1
2430,julihadir,1
2431,tour,1
2432,nglimutgiat,1
2433,fak,1
2434,undip,1
2435,pwri,1
2436,juangbaru,1
2437,julimohon,1
2438,permenkes,1
2439,ccterimakasih,1
2440,kakpripun,1
2441,pundi,1
2442,julidulur,1
2443,studi,1
2444,ssgi,1
2445,lantaibaru,1
2446,julivaksin,1
2447,dirumahsakit,1
2448,gajahmungkurgiat,1
2449,ipwl,1
2450,provinsi,1
2451,bekerjasama,1
2452,bnnp,1
2453,jatengayo,1
2454,atasbaru,1
2455,julikakak,1
2456,terusssbar,1
2457,tebal,1
2458,jalur,1
2459,pantai,1
2460,bahayabaru,1
2461,juliinformasi,1
2462,bangetbaru,1
2463,julibooster,1
2464,kakgebyar,1
2465,goes,1
2466,campus,1
2467,tinggallurah,1
2468,mbiyenbaru,1
2469,juliterimakasih,1
2470,week,1
2471,tugu,1
2472,goodjobmonggo,1
2473,julimonggo,1
2474,pantaubaru,1
2475,juliselamat,1
2476,terimakasihmalam,1
2477,trmkshbaru,1
2478,julihai,1
2479,julidm,1
2480,juliayo,1
2481,warak,1
2482,videoayo,1
2483,videowes,1
2484,teh,1
2485,sis,1
2486,didatani,1
2487,erti,1
2488,piro,1
2489,jumlahebaru,1
2490,julifitphonelive,1
2491,kusuma,1
2492,herpes,1
2493,zoaterrisiko,1
2494,tangkis,1
2495,zulliessosialisasi,1
2496,selasaastaga,1
2497,kopedbaru,1
2498,junipremi,1
2499,masyarakatjelasbaru,1
2500,juniuhcdulur,1
2501,ptsp,1
2502,semarangbagus,1
2503,projectbagus,1
2504,projectcegah,1
2505,rumahselamat,1
2506,bahawa,1
2507,kemarinbaru,1
2508,junihasil,1
2509,larvasidasi,1
2510,bak,1
2511,mandiselamat,1
2512,dbdkait,1
2513,terimakasihpagi,1
2514,aneh,1
2515,foggingbaru,1
2516,junisampun,1
2517,junicegah,1
2518,rumahterima,1
2519,moon,1
2520,njihkali,1
2521,nulis,1
2522,twit,1
2523,bahasa,1
2524,ahmad,1
2525,ngonten,1
2526,endorse,1
2527,loohbaru,1
2528,junihahahaha,1
2529,tobat,1
2530,sekianklopun,1
2531,duluan,1
2532,negera,1
2533,impor,1
2534,euabodoh,1
2535,sejarah,1
2536,farmasi,1
2537,produsen,1
2538,vaks,1
2539,stupidcebong,1
2540,pinteran,1
2541,borong,1
2542,statemen,1
2543,salahsosialisasi,1
2544,penyalahgunaan,1
2545,alkohol,1
2546,psikotropika,1
2547,adiktif,1
2548,anti,1
2549,siswi,1
2550,derajat,1
2551,ikutbpom,1
2552,terjun,1
2553,polos,1
2554,vak,1
2555,adany,1
2556,krusial,1
2557,ujug,1
2558,lulus,1
2559,harvard,1
2560,kokdesember,1
2561,fase,1
2562,indon,1
2563,hayoo,1
2564,sehatpublikasi,1
2565,ngelantur,1
2566,ngoceh,1
2567,nongollihat,1
2568,bos,1
2569,asal,1
2570,bunyiv,1
2571,pfizerbaru,1
2572,boosterpublikasi,1
2573,publikasi,1
2574,plongo,1
2575,sihbantu,1
2576,kasihmalu,1
2577,sonographer,1
2578,perikarditis,1
2579,jantunginti,1
2580,gencar,1
2581,side,1
2582,jurnal,1
2583,amanbunuh,1
2584,seragam,1
2585,ilmumembahayakenhabis,1
2586,cucu,1
2587,orangnenek,1
2588,soksuruh,1
2589,rekomendasikn,1
2590,efektivitas,1
2591,toksisitasnyabalita,1
2592,tolol,1
2593,ampunsalammmm,1
2594,warazzzznevermain,1
2595,profanak,1
2596,musnah,1
2597,koplaaakkonyol,1
2598,ngefek,1
2599,jangkakasih,1
2600,anakbayi,1
2601,asuvaksin,1
2602,cuan,1
2603,musk,1
2604,presiden,1
2605,acuh,1
2606,bebek,1
2607,gentingdewasa,1
2608,kejang,1
2609,bayihalu,1
2610,halu,1
2611,jatuhfokus,1
2612,ketimbang,1
2613,covidtitel,1
2614,deret,1
2615,sales,1
2616,vaksinasu,1
2617,plandemi,1
2618,genosida,1
2619,selubung,1
2620,kemanusian,1
2621,adl,1
2622,rela,1
2623,anakguoblokkkkkklu,1
2624,tangankepala,1
2625,dokhabis,1
2626,kayakgitu,1
2627,begini,1
2628,pastibooster,1
2629,yaaaasudah,1
2630,zalim,1
2631,manusiadosa,1
2632,jariyah,1
2633,wakanesiakipi,1
2634,riskan,1
2635,taruh,1
2636,hatiapalaaahhhh,1
2637,divaksn,1
2638,covd,1
2639,rit,1
2640,vaksn,1
2641,excited,1
2642,nunggunya,1
2643,untung,1
2644,suntikterima,1
2645,ngabisin,1
2646,difucksin,1
2647,discreening,1
2648,tanggungbawa,1
2649,depopulasimyocarditis,1
2650,recovery,1
2651,dzalim,1
2652,balitagelar,1
2653,panjaang,1
2654,kacung,1
2655,we,1
2656,o,1
2657,matidoktorr,1
2658,profesor,1
2659,wajah,1
2660,iblis,1
2661,mangsa,1
2662,balitawuih,1
2663,anakprofesor,1
2664,rekom,1
2665,nanggung,1
2666,risikovaksin,1
2667,cov,1
2668,atw,1
2669,garansi,1
2670,konsekuensi,1
2671,pihak,1
2672,tjd,1
2673,kipiefek,1
2674,tanggungfitphonelive,1
2675,andri,1
2676,sanityoso,1
2677,sulaiman,1
2678,kgeh,1
2679,endoskopi,1
2680,ultrasoundfitphonelive,1
2681,hindra,1
2682,satar,1
2683,mtroppaed,1
2684,usiaperut,1
2685,condong,1
2686,dada,1
2687,hormon,1
2688,sepele,1
2689,germasayo,1
2690,patroli,1
2691,ppkm,1
2692,sehatwaspada,1
2693,boostermy,1
2694,lovepjn,1
2695,selatanterimakasih,1
2696,infokajiayo,1
2697,santai,1
2698,study,1
2699,liveadmin,1
2700,mantengin,1
2701,sediabaru,1
2702,jadwalbaru,1
2703,meimonggobaru,1
2704,meifitphonelive,1
2705,onkprofesional,1
2706,kontra,1
2707,wfo,1
2708,friska,1
2709,mkkbaru,1
2710,meicek,1
2711,ikka,1
2712,kusumawardani,1
2713,krobokanalergi,1
2714,spppkm,1
2715,kesobat,1
2716,hebal,1
2717,nadia,1
2718,anggrainiwarga,1
2719,tambak,1
2720,lorok,1
2721,utarates,1
2722,fajribeda,1
2723,mustika,1
2724,kgehbaru,1
2725,meicegah,1
2726,lebdosaribaru,1
2727,meiawat,1
2728,jahit,1
2729,ogdeteksi,1
2730,khomrsud,1
2731,wongsonegoro,1
2732,suspect,1
2733,akutkenal,1
2734,colchicine,1
2735,willi,1
2736,timurmakan,1
2737,rohani,1
2738,retnauli,1
2739,simanjuntaktips,1
2740,rizka,1
2741,pandanaranatas,1
2742,kjfitphonelive,1
2743,gh,1
2744,duniafitphonelive,1
2745,longgarfitphonelive,1
2746,tomathallo,1
2747,charis,1
2748,fauzi,1
2749,sekolahayo,1
2750,seminar,1
2751,passcodeinformasi,1
2752,repost,1
2753,singkat,1
2754,lupusselamat,1
2755,dedikasi,1
2756,globalbaru,1
2757,meismalam,1
2758,normalsehat,1
2759,santan,1
2760,meihai,1
2761,donormei,1
2762,covidprosedur,1
2763,transplantasi,1
2764,ogvaksin,1
2765,mirotolanjut,1
2766,difabel,1
2767,manaterimakasih,1
2768,laksanabaru,1
2769,meikajiumpama,1
2770,masyarakatdulur,1
2771,lupuspanik,1
2772,daruratcegah,1
2773,amakan,1
2774,madi,1
2775,spprokes,1
2776,ketat,1
2777,fitraiana,1
2778,poncolterimakasih,1
2779,kawanamiin,1
2780,lekas,1
2781,isu,1
2782,munculbaru,1
2783,meiadmin,1
2784,sertivikatnya,1
2785,lindungbaru,1
2786,meihepatitis,1
2787,yogahai,1
2788,donormudik,1
2789,prokesramadhan,1
2790,ramadhanbaru,1
2791,aprildinas,1
2792,beberapa,1
2793,titik,1
2794,vaksinasibaru,1
2795,aprilmonggobaru,1
2796,mudikbumn,1
2797,sedihmoga,1
2798,camatmohon,1
2799,jomblang,1
2800,suwunbu,1
2801,mhon,1
2802,jemput,1
2803,bayicheck,1
2804,lanjutselamat,1
2805,koreksiabses,1
2806,belindaperan,1
2807,ice,1
2808,diananingrum,1
2809,karanganyarbaru,1
2810,donorqurma,1
2811,pagibaru,1
2812,aprilsabar,1
2813,pepbaru,1
2814,aprilmohon,1
2815,pantauadmin,1
2816,dipostingan,1
2817,lewatbaru,1
2818,aprilayo,1
2819,nemenin,1
2820,joinnyaselamat,1
2821,pagihai,1
2822,donormatras,1
2823,pengaruh,1
2824,handoyolangkah,1
2825,adelineresiko,1
2826,hidayatdemam,1
2827,zeinmitos,1
2828,edy,1
2829,hilalbaru,1
2830,aprillupa,1
2831,yaapenuh,1
2832,adminlurrmudah,1
2833,allah,1
2834,urusdm,1
2835,aprildaftar,1
2836,regis,1
2837,nuwununtum,1
2838,victorimaaf,1
2839,semarangayo,1
2840,victoribaru,1
2841,aprilbp,1
2842,lebdosari,1
2843,negatif,1
2844,ccbp,1
2845,aula,1
2846,ccreminderterimakasih,1
2847,bagus,1
2848,job,1
2849,semaranggasbaru,1
2850,aprilhubung,1
2851,selesaibantusemarang,1
2852,cceror,1
2853,submit,1
2854,lindungselamat,1
2855,kamiseh,1
2856,donorsemangat,1
2857,puasapantau,1
2858,vaksinmasalah,1
2859,tonangfitphonelive,1
2860,thahar,1
2861,arifin,1
2862,otakhallo,1
2863,rita,1
2864,utaminingrum,1
2865,dkksemarangbaru,1
2866,vaksinhai,1
2867,donormohon,1
2868,dosisbaru,1
2869,aprilfitphonelive,1
2870,agustinciri,1
2871,salmonella,1
2872,nisamonggo,1
2873,ceknyata,1
2874,mingguacara,1
2875,hangat,1
2876,mm,1
2877,krisseptiana,1
2878,mmnyata,1
2879,mingguselamat,1
2880,seninbaru,1
2881,donorsmrg,1
2882,manabijak,1
2883,camatpantaumohon,1
2884,kasihhai,1
2885,donorayo,1
2886,liveselamat,1
2887,berkahbaru,1
2888,tanggalsesuai,1
2889,kawanmohon,1
2890,jdwal,1
2891,maksdnya,1
2892,end,1
2893,ots,1
2894,duluin,1
2895,milih,1
2896,gin,1
2897,kerjalihat,1
2898,vaksinkuota,1
2899,aprilkurang,1
2900,insecure,1
2901,syukur,1
2902,puasaminkes,1
2903,mufitphonelive,1
2904,salmonellacek,1
2905,ng,1
2906,waedulur,1
2907,gas,1
2908,sabtubaru,1
2909,aprilwith,1
2910,musemangat,1
2911,imanayo,1
2912,aprilsemangat,1
2913,perkara,1
2914,perkaravaksin,1
2915,anda,1
2916,parahayo,1
2917,lhas,1
2918,lhes,1
2919,ndang,1
2920,vaksinhallodm,1
2921,aprilkeluh,1
2922,sehatsemangat,1
2923,aprilmari,1
2924,sambut,1
2925,ramadan,1
2926,berkah,1
2927,ikhlas,1
2928,pahala,1
2929,limpah,1
2930,mulia,1
2931,tunai,1
2932,mmohon,1
2933,bantukait,1
2934,kesehatab,1
2935,kesanabantu,1
2936,njehmaaf,1
2937,klik,1
2938,errormohon,1
2939,jelasselamat,1
2940,motor,1
2941,ortopedi,1
2942,tkbaru,1
2943,maretterima,1
2944,admingendis,1
2945,rentanktp,1
2946,indonesiaadmin,1
2947,arti,1
2948,larangktp,1
2949,kahfitphonelive,1
2950,tht,1
2951,dengaritphonelive,1
2952,sayonoayo,1
2953,lestaribooster,1
2954,umurbooster,1
2955,kuponcangkok,1
2956,ariabooster,1
2957,maretisu,1
2958,resmi,1
2959,semarangmama,1
2960,hutang,1
2961,atok,1
2962,catur,1
2963,bahagia,1
2964,pokokbaru,1
2965,maretinfo,1
2966,kalamaaf,1
2967,kariaditinggal,1
2968,boosterpripunminkes,1
2969,lurr,1
2970,ayoayo,1
2971,boostermenghundari,1
2972,olahragacegah,1
2973,maretbooster,1
2974,matursuwungas,1
2975,maretprogram,1
2976,tahapselamat,1
2977,kawanccbhp,1
2978,ikansesuai,1
2979,bebaspagi,1
2980,babang,1
2981,marquezbaru,1
2982,postadmin,1
2983,batal,1
2984,solusiminggu,1
2985,kampanye,1
2986,gendis,1
2987,suratmo,1
2988,kembangarum,1
2989,msnyaran,1
2990,senam,1
2991,semarangminkes,1
2992,dmmendaoatkan,1
2993,sinooharm,1
2994,victoribawa,1
2995,copy,1
2996,victoriktp,1
2997,admintalkshow,1
2998,hot,1
2999,topic,1
3000,youtube,1
3001,mnc,1
3002,dmsuami,1
3003,unika,1
3004,adminsesuai,1
3005,baruadmin,1
3006,minimalktp,1
3007,indonesiadaftar,1
3008,oline,1
3009,kaskawula,1
3010,ngomplitin,1
3011,lengkapkota,1
3012,tuan,1
3013,hybird,1
3014,cekcepat,1
3015,penginputan,1
3016,datapuskesmas,1
3017,modernatunggu,1
3018,tunggudaftar,1
3019,vaksinkakakdulur,1
3020,postvaksin,1
3021,smrgsuwun,1
3022,baikbaru,1
3023,februarikayak,1
3024,yhsuwun,1
3025,baikvaksin,1
3026,sensasi,1
3027,daftarmatursuwupagi,1
3028,malang,1
3029,malangbaru,1
3030,maretlapor,1
3031,insyaallah,1
3032,prokesnya,1
3033,ambyarmaksud,1
3034,latah,1
3035,siabaikan,1
3036,lapangsalah,1
3037,tiruinstansi,1
3038,pergimemang,1
3039,jarakterimakasih,1
3040,tindaklanjutiterimakasih,1
3041,lanjutbaru,1
3042,maretserta,1
3043,ulangsulit,1
3044,timbang,1
3045,aspek,1
3046,efisiensi,1
3047,vial,1
3048,gantung,1
3049,vaksinnnyabaru,1
3050,maretdulur,1
3051,praktik,1
3052,alurtunggu,1
3053,modernasesuai,1
3054,tentuayo,1
3055,organ,1
3056,tubuhpripunbaru,1
3057,maretvaksin,1
3058,poltekes,1
3059,maretsabar,1
3060,pedul,1
3061,tahaplayan,1
3062,lurrrrr,1
3063,vaksinmuncul,1
3064,dijakarta,1
3065,primertumben,1
3066,ekspress,1
3067,maretayo,1
3068,siangharga,1
3069,dinasmohon,1
3070,slurrrrtrend,1
3071,turunbaru,1
3072,maretcari,1
3073,tiketkonsultasi,1
3074,pol,1
3075,indikasi,1
3076,medis,1
3077,fktp,1
3078,spesialisikut,1
3079,gundulbooster,1
3080,or,1
3081,victoribarubaru,1
3082,februarisuwun,1
3083,masukbaru,1
3084,prokesnyamoga,1
3085,prokesnyahubung,1
3086,isomanh,1
3087,databaru,1
3088,februarimohon,1
3089,maaaf,1
3090,baharu,1
3091,hubungwa,1
3092,wil,1
3093,diresponhasil,1
3094,memdptkan,1
3095,harus,1
3096,tebus,1
3097,obatmatur,1
3098,infotaman,1
3099,bumi,1
3100,rejonyafitphonelive,1
3101,muchlis,1
3102,achsan,1
3103,uduk,1
3104,sofro,1
3105,kelompokfitphonlive,1
3106,ronald,1
3107,irwanto,1
3108,covidfitphonlive,1
3109,tedjo,1
3110,minuljo,1
3111,resistensi,1
3112,insulinfitphonlive,1
3113,wiyati,1
3114,kembaren,1
3115,kj,1
3116,covidrwdaerah,1
3117,googlebaru,1
3118,prokesnyamaksud,1
3119,heterolog,1
3120,miminbooster,1
3121,list,1
3122,tabel,1
3123,dinkesterima,1
3124,informasiv,1
3125,zen,1
3126,pakaisunti,1
3127,ml,1
3128,paruh,1
3129,half,1
3130,mlbooster,1
3131,minkestarif,1
3132,perwal,1
3133,ribukabar,1
3134,katuar,1
3135,jomohon,1
3136,maturnuwunbaru,1
3137,prokesnyapecat,1
3138,sapu,1
3139,betapa,1
3140,uangadmin,1
3141,suwunayooo,1
3142,boostermonggo,1
3143,semarangh,1
3144,sida,1
3145,transparan,1
3146,seamless,1
3147,hassle,1
3148,bandungjaman,1
3149,integrasi,1
3150,contoh,1
3151,portal,1
3152,februariayooo,1
3153,semarangmoga,1
3154,sembuhptm,1
3155,pleasedm,1
3156,jelaskali,1
3157,dinkesbaru,1
3158,februarisami,1
3159,sami,1
3160,aamiin,1
3161,sehatfitphonelive,1
3162,syahidatul,1
3163,covidgampang,1
3164,remote,1
3165,adminpakai,1
3166,eco,1
3167,enzim,1
3168,daringinformasi,1
3169,programmer,1
3170,minkesdisinfektan,1
3171,komposisix,1
3172,keg,1
3173,daringfitphonlive,1
3174,pcrisu,1
3175,bohongkrg,1
3176,persis,1
3177,diinput,1
3178,termsk,1
3179,keinputisu,1
3180,adminuhc,1
3181,aktifuhc,1
3182,ala,1
3183,aktifbaru,1
3184,sehatsehatterima,1
3185,helpfullyterima,1
3186,helpfully,1
3187,semarangnarasumber,1
3188,zubairi,1
3189,djoerban,1
3190,ikat,1
3191,semarangtalkshow,1
3192,simakfitphonlive,1
3193,duniafitphonlive,1
3194,f,1
3195,plasenta,1
3196,kandungterima,1
3197,sehatpasti,1
3198,verifikasisabar,1
3199,balassampun,1
3200,websitenya,1
3201,matursuwunfitphonlive,1
3202,centauri,1
3203,tumbuh,1
3204,sareharto,1
3205,med,1
3206,vita,1
3207,mahaswari,1
3208,duniaakses,1
3209,hack,1
3210,keluarfitphonlive,1
3211,aifo,1
3212,anakterimakasih,1
3213,nanghubung,1
3214,tindakmatursuwunhalo,1
3215,kira,1
3216,purwodadi,1
3217,rantau,1
3218,semaranglurah,1
3219,infobaru,1
3220,prokesnyajumat,1
3221,instruksiminkes,1
3222,dmadmin,1
3223,febmohon,1
3224,donorcheckdadapsari,1
3225,timbulmohon,1
3226,kasihfitphonlive,1
3227,yuana,1
3228,rusa,1
3229,sintas,1
3230,prokesnyadkksemarang,1
3231,victorisemangat,1
3232,prokesbaru,1
3233,prokesnyavaksin,1
3234,pjj,1
3235,ikhtiar,1
3236,pjjvarian,1
3237,karakteristik,1
3238,ringan,1
3239,sehiyaaaaaaaaamoga,1
3240,segra,1
3241,redabaru,1
3242,februarirepost,1
3243,kasihcek,1
3244,pantengin,1
3245,dkksemarangdulur,1
3246,domisiliprokessselamat,1
3247,lebry,1
3248,staff,1
3249,kui,1
3250,wahid,1
3251,hasyim,1
3252,bpak,1
3253,sbelumnyabaru,1
3254,prokesnyadips,1
3255,lebih,1
3256,surpriseadmin,1
3257,kasihsertifikat,1
3258,bisaadmin,1
3259,rsud,1
3260,tugurejo,1
3261,pedulilindunginya,1
3262,prosessatpol,1
3263,suap,1
3264,diijinkan,1
3265,langgar,1
3266,peras,1
3267,daganghendi,1
3268,kantong,1
3269,tegur,1
3270,sang,1
3271,pimpin,1
3272,fajarsiyap,1
3273,mingguig,1
3274,barubaru,1
3275,prokesnyafitphonlive,1
3276,kaker,1
3277,duniasemarang,1
3278,semarangdaring,1
3279,vaksinibunda,1
3280,cus,1
3281,dekatbaru,1
3282,prokesnyaoh,1
3283,seminggi,1
3284,telahadmin,1
3285,kasihhallo,1
3286,sumardi,1
3287,karangmalang,1
3288,februariinformasi,1
3289,bosterbaru,1
3290,prokesnyamatusuwuninformasi,1
3291,januariklarifikasi,1
3292,basilho,1
3293,januariacu,1
3294,penting,1
3295,ekonomi,1
3296,bunuhpripun,1
3297,disdik,1
3298,bade,1
3299,outbreak,1
3300,malehbaru,1
3301,prokesnyakait,1
3302,lindunge,1
3303,kasihnoted,1
3304,yaaberat,1
3305,laintinggal,1
3306,crb,1
3307,semarangjur,1
3308,ngopo,1
3309,mbaklayan,1
3310,vaksindaftar,1
3311,panggil,1
3312,tempathmmm,1
3313,percayadinkes,1
3314,hisa,1
3315,syringepripunbrarti,1
3316,suntiketemu,1
3317,teken,1
3318,ngejer,1
3319,setor,1
3320,vaksinatornyabaru,1
3321,januariklarifikasiklarifikasivaksinasi,1
3322,model,1
3323,manipuladi,1
3324,semaranggerak,1
3325,mantabsssmohon,1
3326,puskesmasteknik,1
3327,injeksi,1
3328,aspirasi,1
3329,suntivaksin,1
3330,kontaminasibiar,1
3331,faham,1
3332,potongcc,1
3333,walipatut,1
3334,duga,1
3335,konspirasi,1
3336,tsm,1
3337,bin,1
3338,mentang,1
3339,jawat,1
3340,bela,1
3341,habisterima,1
3342,benah,1
3343,depansuwun,1
3344,adminmonggojujur,1
3345,skeptis,1
3346,pnjelasanyklarifikasimoga,1
3347,big,1
3348,nooo,1
3349,waliwalkot,1
3350,gubernur,1
3351,mbah,1
3352,ohya,1
3353,tanggaptugas,1
3354,sengaja,1
3355,viral,1
3356,dosisbohong,1
3357,vaksinator,1
3358,sanksi,1
3359,binasangsi,1
3360,publiksiswa,1
3361,tlh,1
3362,masyarakatmenindaklanjuti,1
3363,mediasi,1
3364,contmonggolhoh,1
3365,januarisuwun,1
3366,sehattunggu,1
3367,sebentar,1
3368,mantap,1
3369,tahanhelpdesk,1
3370,januariubah,1
3371,januariupdatenyasore,1
3372,pedulillindungi,1
3373,bantuubah,1
3374,email,1
3375,adminnomor,1
3376,ngecek,1
3377,pedulilindungivictori,1
3378,hpdulur,1
3379,menginput,1
3380,prokesnoormans,1
3381,semarangtahapnjih,1
3382,masukajar,1
3383,jubel,1
3384,mudahxan,1
3385,pahambaru,1
3386,vaksinmohon,1
3387,rebutdaftar,1
3388,kaklupa,1
3389,sarap,1
3390,salfok,1
3391,minkesvaksin,1
3392,pandemidaftar,1
3393,victorinya,1
3394,typo,1
3395,sarapdulur,1
3396,vaksinsertifikat,1
3397,manfaatalhamdulillah,1
3398,sertifikatmaturnuwunterima,1
3399,bukacenturidaftar,1
3400,dibcenturumantap,1
3401,vaksinfaskes,1
3402,semangatlayan,1
3403,mandaftar,1
3404,kakterimakasih,1
3405,mampir,1
3406,warung,1
3407,soto,1
3408,beritahu,1
3409,vaksinkali,1
3410,manula,1
3411,suwunklenteng,1
3412,kongadmin,1
3413,adminterang,1
3414,kakbuka,1
3415,ngadatsesuai,1
3416,daftarbuka,1
3417,daftarsbnrnya,1
3418,ngg,1
3419,mell,1
3420,pintumenit,1
3421,ngechek,1
3422,gel,1
3423,jempoleterimakasih,1
3424,pfizerkak,1
3425,vaksinbuka,1
3426,jwbnya,1
3427,kasihhubung,1
3428,centercobalink,1
3429,bukatunggu,1
3430,barulink,1
3431,bukasuwun,1
3432,bantupfizer,1
3433,bangetvictori,1
3434,maskerkoordinasi,1
3435,sehatkece,1
3436,dmmasyarakat,1
3437,lindungktp,1
3438,layar,1
3439,tugurejomohon,1
3440,vaksinsarap,1
3441,favorit,1
3442,tahapwajib,1
3443,adminmatur,1
3444,suwunmatursuwun,1
3445,infoe,1
3446,lindungsesuai,1
3447,victorikupon,1
3448,rentanselamat,1
3449,kelulus,1
3450,sidang,1
3451,ilmu,1
3452,hukum,1
3453,sultan,1
3454,agung,1
3455,semarangmasyarakat,1
3456,dokterpilih,1
3457,vaksinwarga,1
3458,semarangjanuari,1
3459,victorie,1
3460,puskesmasterimakasih,1
3461,perhatisuwun,1
3462,kakkomunikasi,1
3463,guru,1
3464,sekolahshapsehatsehatmatur,1
3465,bangetterimakasih,1
3466,infominkesjadwal,1
3467,kakjk,1
3468,bgmsiang,1
3469,dahulu,1
3470,kakselamat,1
3471,suwuntopik,1
3472,januarilanjut,1
3473,informasiminkes,1
3474,sblumnya,1
3475,boosterpokoke,1
3476,aturencepat,1
3477,kake,1
3478,kakdulur,1
3479,postinganwarga,1
3480,usiacek,1
3481,eticket,1
3482,lindungtahap,1
3483,victorijadwal,1
3484,penuhokokk,1
3485,adminnahlohe,1
3486,semarangkali,1
3487,adminmudah,1
3488,entry,1
3489,tugasbaru,1
3490,nggihdkksemarang,1
3491,covidhallo,1
3492,baruumumm,1
3493,kapannn,1
3494,pakkkmisi,1
3495,etiketdisiplin,1
3496,kunci,1
3497,prokeshallo,1
3498,nakeshallo,1
3499,nakesdpat,1
3500,lindungpra,1
3501,daftarterima,1
3502,kasihvaksinasi,1
3503,kasibaru,1
3504,januaribaru,1
3505,januariponakan,1
3506,kadung,1
3507,adminserta,1
3508,vaksindaftarterimakasihgubernur,1
3509,pangkoarmada,1
3510,laksda,1
3511,tni,1
3512,iwan,1
3513,isnurwanto,1
3514,bekerjasamamatur,1
3515,nuwunsuwun,1
3516,hidayatullahjaga,1
3517,tingkatboneka,1
3518,doll,1
3519,rahajeng,1
3520,dollsalin,1
3521,epidural,1
3522,dinda,1
3523,epidurallambat,1
3524,adminkriteria,1
3525,brbagibaru,1
3526,boosterfitlistners,1
3527,karbohidrat,1
3528,semarangrekrutmen,1
3529,driver,1
3530,lt,1
3531,nomorfitlistners,1
3532,phubbing,1
3533,inisiatif,1
3534,boradmin,1
3535,adminvarian,1
3536,of,1
3537,adminusia,1
3538,maxadmin,1
3539,katifan,1
3540,nerapa,1
3541,tempatvaksin,1
3542,sinovack,1
3543,manaktp,1
3544,udaah,1
3545,isijadwal,1
3546,postinganhabis,1
3547,astrabooster,1
3548,usiamoderna,1
3549,adminkapale,1
3550,surabaya,1
3551,adminnonton,1
3552,januarimaaf,1
3553,pamernonton,1
3554,sekokirain,1
3555,sing,1
3556,tuo,1
3557,intuk,1
3558,tiwas,1
3559,meh,1
3560,cusadmin,1
3561,dosistanggal,1
3562,dsrh,1
3563,dsni,1
3564,sekolahdewasa,1
3565,jadwalgratis,1
3566,opo,1
3567,mbakdaftar,1
3568,vaksinmain,1
3569,ngemalin,1
3570,sekolahvaksin,1
3571,manalaksana,1
3572,adminpamer,1
3573,nontonkapal,1
3574,pass,1
3575,labuh,1
3576,tollvaksin,1
3577,krianak,1
3578,wisataassalamualaikum,1
3579,suwunhalo,1
3580,januaridaftar,1
3581,manaminggu,1
3582,senang,1
3583,perangada,1
3584,kakaktanggal,1
3585,pelaksanaanyavaksin,1
3586,boosterlha,1
3587,mind,1
3588,jahat,1
3589,kelaminadmin,1
3590,konseling,1
3591,daftaradmin,1
3592,boosterlaksana,1
3593,adminsekolah,1
3594,kece,1
3595,omicronbiar,1
3596,lekernya,1
3597,misil,1
3598,sarat,1
3599,caption,1
3600,bocor,1
3601,detik,1
3602,fulldaftar,1
3603,vakasin,1
3604,setivikat,1
3605,adminyah,1
3606,fulljarak,1
3607,tunjukkuota,1
3608,nakesnyvaksin,1
3609,turunsyarat,1
3610,antriadmin,1
3611,nggehkuota,1
3612,kluaradmin,1
3613,nasib,1
3614,rsbawah,1
3615,jatah,1
3616,sakitdosis,1
3617,lingkup,1
3618,autis,1
3619,adminsuntik,1
3620,rak,1
3621,bosenminnn,1
3622,butuhhhvaksin,1
3623,ngih,1
3624,semarangampe,1
3625,dak,1
3626,nyampaikan,1
3627,bukaadmin,1
3628,lansi,1
3629,untul,1
3630,ditentukkanktp,1
3631,mama,1
3632,tida,1
3633,kterdaftar,1
3634,ticketnyacerita,1
3635,tauuu,1
3636,mateng,1
3637,usa,1
3638,riliscoba,1
3639,dipedulilindung,1
3640,adminprosedur,1
3641,terimakasihe,1
3642,adminsusu,1
3643,diagnosa,1
3644,empedu,1
3645,andal,1
3646,sepuh,1
3647,hpdosis,1
3648,ccvaksin,1
3649,boosternuadaftar,1
3650,ayahterima,1
3651,infovaksin,1
3652,sertifikatadmin,1
3653,boosterku,1
3654,lgsngadmin,1
3655,pulanghabis,1
3656,vgr,1
3657,langsunghp,1
3658,pbf,1
3659,prosedurlanjut,1
3660,boosterpenuh,1
3661,peudlilindungi,1
3662,lnadmin,1
3663,mwndaftarkan,1
3664,boostee,1
3665,divictory,1
3666,bingunglanjut,1
3667,nd,1
3668,januaridear,1
3669,sodara,1
3670,kasihdaftar,1
3671,brrti,1
3672,usiaminkes,1
3673,lnhsung,1
3674,dftar,1
3675,notif,1
3676,idadmin,1
3677,jembatan,1
3678,seberang,1
3679,pandang,1
3680,lift,1
3681,manuvervaksin,1
3682,bkimadmin,1
3683,kasihe,1
3684,tickete,1
3685,kode,1
3686,undang,1
3687,pdulilindunginovember,1
3688,kenang,1
3689,jalmanyar,1
3690,adminyahhh,1
3691,min,1
3692,infoadmin,1
3693,bosternyanomor,1
3694,angkatkmren,1
3695,jalvaksin,1
3696,lindungjm,1
3697,lokerbutuh,1
3698,internisloker,1
3699,modernamimin,1
3700,lurahsih,1
3701,susun,1
3702,sewa,1
3703,parah,1
3704,nunjukin,1
3705,angkut,1
3706,payah,1
3707,adminnyata,1
3708,pl,1
3709,green,1
3710,adminpfizer,1
3711,manakeluarga,1
3712,prleduoi,1
3713,hijaubrarti,1
3714,negatifadmin,1
3715,bugangan,1
3716,kaji,1
3717,celek,1
3718,informationderita,1
3719,pasir,1
3720,gantigula,1
3721,admindata,1
3722,dilaporin,1
3723,tetangga,1
3724,rumahadmin,1
3725,syaratadmin,1
3726,mks,1
3727,sertifikatmohon,1
3728,dewasa,1
3729,homecare,1
3730,tumor,1
3731,syaraf,1
3732,lumpuh,1
3733,mobilisasi,1
3734,susahktp,1
3735,kendal,1
3736,admintiket,1
3737,vaksinhalo,1
3738,erat,1
3739,puskes,1
3740,negatifvaksin,1
3741,pedulilindungiadmin,1
3742,thmohon,1
3743,vakin,1
3744,niat,1
3745,manajadwal,1
3746,shinopham,1
3747,adminhbs,1
3748,cvd,1
3749,wktunyavaksin,1
3750,posting,1
3751,kuponhabis,1
3752,manajelang,1
3753,vaksinkayak,1
3754,boosterpas,1
3755,camatvaksinas,1
3756,bostrebude,1
3757,naruh,1
3758,ptgs,1
3759,hlo,1
3760,galak,1
3761,bantukemarin,1
3762,pelayananan,1
3763,semangad,1
3764,mbakbooster,1
3765,february,1
3766,sertikatnya,1
3767,yaasiang,1
3768,ptama,1
3769,adminsemarang,1
3770,daftarkakak,1
3771,sinovak,1
3772,ulangbesok,1
3773,ndk,1
3774,kaknomor,1
3775,telponmaaf,1
3776,tka,1
3777,jepangmaaf,1
3778,selangkaloo,1
3779,nyaa,1
3780,boosternyaa,1
3781,apadong,1
3782,minnnvaksin,1
3783,boosternyamoderna,1
3784,habisvaksin,1
3785,prtma,1
3786,sinopharms,1
3787,boosternyaluar,1
3788,modernaanak,1
3789,solusineminkes,1
3790,copit,1
3791,bolehkanmh,1
3792,modernaibuk,1
3793,magh,1
3794,mantan,1
3795,galauadmin,1
3796,ssh,1
3797,domisilivaksinya,1
3798,besokadmin,1
3799,batasadmin,1
3800,kol,1
3801,gimnaktp,1
3802,ujung,1
3803,dataadminktp,1
3804,semarangktp,1
3805,pfiser,1
3806,selak,1
3807,oyak,1
3808,perushan,1
3809,sruh,1
3810,vksinhabis,1
3811,booste,1
3812,ryakartu,1
3813,printan,1
3814,vaksinkupon,1
3815,slotvaksin,1
3816,semarangdosis,1
3817,zeneca,1
3818,nyimak,1
3819,helangsungadmin,1
3820,hamilvictorisembuh,1
3821,summarynyavaksin,1
3822,trsediaadmin,1
3823,realisasi,1
3824,dekatpuskesmas,1
3825,pudakpayung,1
3826,gedeanak,1
3827,kisar,1
3828,brapamoga,1
3829,alhamdulillahtunggu,1
3830,heusia,1
3831,kaksakit,1
3832,saat,1
3833,wacana,1
3834,dompet,1
3835,jeritdewasapuskesmas,1
3836,gratisanak,1
3837,vaksinterlamabatadmin,1
3838,sertiflambat,1
3839,usiapuskesmas,1
3840,gagalanak,1
3841,apkhv,1
3842,nggehhabis,1
3843,duluanvaksin,1
3844,walikotalayan,1
3845,ngeten,1
3846,manadaftar,1
3847,dehvaksin,1
3848,sinovacsertifikat,1
3849,vaksinkasih,1
3850,mazee,1
3851,ting,1
3852,dnnadaftar,1
3853,pripunn,1
3854,nggeinformasi,1
3855,adminerimakasih,1
3856,ribetvaksin,1
3857,radang,1
3858,mohonresponadmin,1
3859,yaaminkes,1
3860,lhoijin,1
3861,gantimaaf,1
3862,sinopharmtiket,1
3863,lindungwebsite,1
3864,erorkaa,1
3865,jk,1
3866,terimakasihmaaf,1
3867,selangadmin,1
3868,modernalewat,1
3869,besties,1
3870,login,1
3871,down,1
3872,infobooster,1
3873,dtng,1
3874,blangko,1
3875,situs,1
3876,infovictori,1
3877,dua,1
3878,admini,1
3879,sempat,1
3880,efisienvaksin,1
3881,tlfon,1
3882,blngnya,1
3883,kecewa,1
3884,puskesmasvaksin,1
3885,jauuh,1
3886,ngulang,1
3887,aplikasipuskesmas,1
3888,tikethalo,1
3889,modernaassalamualaikum,1
3890,sinovachitung,1
3891,tanggalmakasii,1
3892,halmaherarak,1
3893,ono,1
3894,nang,1
3895,modernamaaf,1
3896,bilangmoderna,1
3897,pfizertiket,1
3898,lsng,1
3899,semarangwilayah,1
3900,semarangbooster,1
3901,vax,1
3902,readyadmin,1
3903,adminhamil,1
3904,selisih,1
3905,brapa,1
3906,sprtinya,1
3907,luurrrinformasi,1
3908,bukavaksin,1
3909,megan,1
3910,sistemhuecrm,1
3911,stoknykak,1
3912,bedaadmin,1
3913,azadmin,1
3914,usul,1
3915,modernaijin,1
3916,audiologis,1
3917,dpmptsp,1
3918,kasihmoderna,1
3919,dijwb,1
3920,adminya,1
3921,niiih,1
3922,didiemindosis,1
3923,modernasinipharm,1
3924,kahstasiun,1
3925,admintanggal,1
3926,perban,1
3927,op,1
3928,tanggalpengin,1
3929,gayamsarimantab,1
3930,tas,1
3931,usus,1
3932,terimakasihposko,1
3933,simpang,1
3934,nuwunadmin,1
3935,blokir,1
3936,sistemnatal,1
3937,nyepi,1
3938,waisak,1
3939,totalitas,1
3940,kemenag,1
3941,semarangsedia,1
3942,dosisviktori,1
3943,kasihmksh,1
3944,bosan,1
3945,dng,1
3946,stamina,1
3947,sehatinformasi,1
3948,bataspostingan,1
3949,hilangminkes,1
3950,laporditentrem,1
3951,padaha,1
3952,adminlayan,1
3953,diringemplak,1
3954,ngesrep,1
3955,jagalpagi,1
3956,balesanadmin,1
3957,modernakuota,1
3958,tanggaldosis,1
3959,yahada,1
3960,malamsertifikat,1
3961,melulusiang,1
3962,padhal,1
3963,ngalaminvaksin,1
3964,sinopham,1
3965,gotongroyong,1
3966,bosternyaadmin,1
3967,gugur,1
3968,dosisdeh,1
3969,so,1
3970,suffer,1
3971,homogen,1
3972,cross,1
3973,yaabuka,1
3974,astramodernaktp,1
3975,yak,1
3976,smanak,1
3977,sinophram,1
3978,adminmaksud,1
3979,dobel,1
3980,peng,1
3981,inputan,1
3982,sertifikatbooster,1
3983,kaksinopharm,1
3984,sulitadmin,1
3985,umurinformasi,1
3986,adminselamat,1
3987,mudikvaksinadmin,1
3988,manapuasa,1
3989,mohonbooster,1
3990,adminminyak,1
3991,goreng,1
3992,bawamaaf,1
3993,sinopharmdaftar,1
3994,dekatkomorbid,1
3995,smvaksin,1
3996,sinovacvaksin,1
3997,mudikkak,1
3998,sblmya,1
3999,jansen,1
4000,tentremjadwal,1
4001,citralen,1
4002,ngejak,1
4003,satset,1
4004,teko,1
4005,ora,1
4006,blasss,1
4007,owalah,1
4008,jarakny,1
4009,bantupeduli,1
4010,yaaboster,1
4011,sinophammm,1
4012,ngaanak,1
4013,thsedia,1
4014,layanpermisi,1
4015,tembalang,1
4016,gx,1
4017,jangka,1
4018,vaksinktp,1
4019,kakakvaksin,1
4020,posterkak,1
4021,modernakantor,1
4022,brartivaksin,1
4023,selangboster,1
4024,sinopharmkak,1
4025,terimakasihpermisi,1
4026,boostertugas,1
4027,mmpu,1
4028,tkpusia,1
4029,vpuasa,1
4030,kakdaerah,1
4031,kerjasama,1
4032,ibukku,1
4033,brani,1
4034,antusiasadmin,1
4035,kertas,1
4036,rapi,1
4037,cipto,1
4038,input,1
4039,hcari,1
4040,ide,1
4041,singgung,1
4042,budaya,1
4043,ngenyek,1
4044,kreatif,1
4045,sakitdunk,1
4046,dibwhadmin,1
4047,sinopharmusul,1
4048,meta,1
4049,waspadaodapus,1
4050,rtkembang,1
4051,maturnuwunwho,1
4052,inggris,1
4053,adenovirus,1
4054,fasyankes,1
4055,penangananya,1
4056,adminhakam,1
4057,prevengive,1
4058,dispkan,1
4059,hep,1
4060,dok,1
4061,sarantolong,1
4062,kecewaadmin,1
4063,sebabmantap,1
4064,galakkin,1
4065,kasihdosis,1
4066,modernamohon,1
4067,maturnuwunadmin,1
4068,ndkbooster,1
4069,umurdata,1
4070,hak,1
4071,tutupvaksin,1
4072,sinoparmadmin,1
4073,covidvaksin,1
4074,boosteranak,1
4075,bostercepat,1
4076,thtunggu,1
4077,infoktp,1
4078,miin,1
4079,semarangijin,1
4080,genjotinformasi,1
4081,bantuswab,1
4082,manaselamat,1
4083,sepupu,1
4084,sifat,1
4085,suwuntensi,1
4086,darahriwayat,1
4087,darahmohon,1
4088,terkahir,1
4089,vakain,1
4090,barumandiri,1
4091,syaratdaftar,1
4092,kahhalo,1
4093,terimakasihurus,1
4094,kebuhc,1
4095,buruh,1
4096,klinikmanfaat,1
4097,puskesman,1
4098,dioprasi,1
4099,rupiah,1
4100,walafiat,1
4101,temennya,1
4102,oprasi,1
4103,detak,1
4104,biscuit,1
4105,cornet,1
4106,trimakasih,1
4107,indonesiakeluh,1
4108,katarak,1
4109,rumit,1
4110,janda,1
4111,pensiun,1
4112,pns,1
4113,thatas,1
4114,resistensivaksin,1
4115,smrgvaksin,1
4116,pakah,1
4117,bagaiman,1
4118,bantuanyacek,1
4119,admintolong,1
4120,tinjau,1
4121,vaksinbiar,1
4122,bawaadmin,1
4123,plitvaksin,1
4124,ngurusnya,1
4125,febuariadmin,1
4126,nek,1
4127,soalny,1
4128,kerjasemarang,1
4129,semarng,1
4130,bayarbooster,1
4131,niiinformasi,1
4132,vaksinlink,1
4133,adminsenin,1
4134,kakijin,1
4135,sertitikat,1
4136,apl,1
4137,lindungbooster,1
4138,dewasaadmin,1
4139,boosterkemarin,1
4140,bekas,1
4141,jarum,1
4142,apabisa,1
4143,pfizerbooster,1
4144,komorbit,1
4145,pacu,1
4146,ksh,1
4147,resep,1
4148,sihusia,1
4149,vaksinhari,1
4150,vaksinusiaanak,1
4151,bawahamil,1
4152,adminijin,1
4153,astrazeneta,1
4154,njeh,1
4155,sinovacsih,1
4156,minggubooster,1
4157,rehat,1
4158,lupamimin,1
4159,modernamoderna,1
4160,make,1
4161,sinovacumur,1
4162,kahanak,1
4163,prosedurktp,1
4164,mranggen,1
4165,semaranginformasi,1
4166,adminbatuk,1
4167,sebulanapakah,1
4168,mna,1
4169,vaksi,1
4170,pertama,1
4171,dmanaadmin,1
4172,gayamsariadmin,1
4173,ln,1
4174,melulu,1
4175,vaksinhallo,1
4176,pemeriksaaan,1
4177,anc,1
4178,ratus,1
4179,berdaserkn,1
4180,perwalbooster,1
4181,tolonghalo,1
4182,manakak,1
4183,pnya,1
4184,tinggaldosis,1
4185,gg,1
4186,sinovacgratid,1
4187,bpjskh,1
4188,tesdaftar,1
4189,hpl,1
4190,kepalavaksin,1
4191,covidbab,1
4192,mn,1
4193,kasihnnya,1
4194,adminmana,1
4195,iur,1
4196,bayardosis,1
4197,pakaidaftar,1
4198,batasdosis,1
4199,pakaiminkes,1
4200,smpmaaf,1
4201,dft,1
4202,uhcvaksin,1
4203,yanh,1
4204,nakesvasin,1
4205,varianbooster,1
4206,gkada,1
4207,pakaiimunisasi,1
4208,any,1
4209,informasianak,1
4210,sertifikatkak,1
4211,kakkelas,1
4212,brapakah,1
4213,thbuku,1
4214,kakakadmin,1
4215,responkak,1
4216,sisi,1
4217,kemasijin,1
4218,alur,1
4219,tempoproduk,1
4220,kedelai,1
4221,pirtbakso,1
4222,pirtmaaf,1
4223,nuwunurus,1
4224,tempo,1
4225,santos,1
4226,luat,1
4227,mkshhalo,1
4228,sehatdaftar,1
4229,imunisasianak,1
4230,thadmin,1
4231,boosterinformasi,1
4232,adminmr,1
4233,pilekanak,1
4234,bjsa,1
4235,mrsi,1
4236,musium,1
4237,podo,1
4238,barate,1
4239,tmbahan,1
4240,mranak,1
4241,paha,1
4242,kanan,1
4243,pen,1
4244,kasihpuskesmas,1
4245,dehadmin,1
4246,agustusmr,1
4247,agustusimunisasi,1
4248,mrpuskesmas,1
4249,ksana,1
4250,antriii,1
4251,bangettttt,1
4252,kejar,1
4253,tayang,1
4254,antriiiiii,1
4255,dptnya,1
4256,slu,1
4257,sakitvaksin,1
4258,bangetinformasi,1
4259,anakanak,1
4260,kiav,1
4261,bangetmoderna,1
4262,pakaibooster,1
4263,dewasadosis,1
4264,susul,1
4265,kasihorang,1
4266,kakjarak,1
4267,bostervaksin,1
4268,sahbooster,1
4269,thbooster,1
4270,nakesanak,1
4271,masukadmin,1
4272,terimakasihbooster,1
4273,adminboster,1
4274,kaksertivikat,1
4275,terimakasihvaksinkmren,1
4276,nga,1
4277,tertawa,1
4278,pgn,1
4279,manasiang,1
4280,kakkakak,1
4281,terimakasihada,1
4282,sediamahasiswa,1
4283,adminbawah,1
4284,kuliah,1
4285,vaksinlangsung,1
4286,tampa,1
4287,ea,1
4288,modernasertifikat,1
4289,agustusadminvaksin,1
4290,alias,1
4291,yaamasyarakat,1
4292,njij,1
4293,langsngmoderna,1
4294,modernakak,1
4295,smntara,1
4296,kerjabooster,1
4297,nakespagi,1
4298,bengkak,1
4299,dicover,1
4300,nebus,1
4301,njihinformasi,1
4302,kasihminum,1
4303,es,1
4304,buncit,1
4305,bilangadmin,1
4306,modernadosis,1
4307,slot,1
4308,shinoparm,1
4309,shinoparmusia,1
4310,dosisnakes,1
4311,lindungboster,1
4312,adminlanjut,1
4313,anakbpjs,1
4314,balasanyakak,1
4315,kakdaftarin,1
4316,dikrluarga,1
4317,gapunya,1
4318,sakitadmin,1
4319,ktne,1
4320,kerjaadmin,1
4321,prosedurdaftarin,1
4322,rubah,1
4323,syaratanak,1
4324,berkassyarat,1
4325,uhclaz,1
4326,leeeez,1
4327,laz,1
4328,leeez,1
4329,mazzeeeeeh,1
4330,kan,1
4331,njerit,1
4332,tumpuk,1
4333,tok,1
4334,lha,1
4335,gratiiiis,1
4336,nunggak,1
4337,imi,1
4338,mazzzeeeeeeh,1
4339,tunggakbpjs,1
4340,le,1
4341,wetan,1
4342,tika,1
4343,simpan,1
4344,lemaripindah,1
4345,syaratuhc,1
4346,za,1
4347,barucek,1
4348,sia,1
4349,siabpjs,1
4350,adminpnya,1
4351,hilangstay,1
4352,semarangpuskesmas,1
4353,survei,1
4354,mandirimohon,1
4355,maturnuwunbpjs,1
4356,adminbpjs,1
4357,uhcuhc,1
4358,mentok,1
4359,kalok,1
4360,tercaver,1
4361,pbjs,1
4362,ketenagakerjaanuhc,1
4363,terimakasihkartu,1
4364,pjelasannya,1
4365,kasihkriteria,1
4366,art,1
4367,kasiadmin,1
4368,ag,1
4369,kasihdata,1
4370,semprot,1
4371,disinfektan,1
4372,diamana,1
4373,oleh,1
4374,bcg,1
4375,kasihkak,1
4376,boosterkak,1
4377,yaaaadmin,1
4378,atasadmin,1
4379,adminbertanaya,1
4380,vaksinpcv,1
4381,disemarangtunggu,1
4382,abang,1
4383,jhonsondosis,1
4384,pfizerhallo,1
4385,lngsng,1
4386,adminsalah,1
4387,riah,1
4388,smpet,1
4389,nyangka,1
4390,ternyta,1
4391,trmsh,1
4392,perdoskivaksin,1
4393,kakcari,1
4394,vaksintindak,1
4395,xantelasma,1
4396,dkt,1
4397,hidungdaftar,1
4398,kuotamoga,1
4399,kosongdaftar,1
4400,event,1
4401,koordinasipuskesmas,1
4402,terdetek,1
4403,register,1
4404,terimakasihpuskesmas,1
4405,kakfaskesnya,1
4406,kawanpuskesmas,1
4407,kallink,1
4408,puskesmaskonsultasi,1
4409,gsayang,1
4410,srondol,1
4411,kedungmundu,1
4412,gadatanyak,1
4413,pegandan,1
4414,presa,1
4415,grastis,1
4416,kulitperiksa,1
4417,pamflet,1
4418,manajarak,1
4419,msih,1
4420,informasiboster,1
4421,thktp,1
4422,terimakasihhamil,1
4423,weeks,1
4424,lahirvaksin,1
4425,terimakasihsiang,1
4426,me,1
4427,yakin,1
4428,pandanrarancari,1
4429,kotabeda,1
4430,nyarinyamaaf,1
4431,imunisasibrati,1
4432,adminjadwal,1
4433,punah,1
4434,kshuhc,1
4435,peser,1
4436,pakr,1
4437,kls,1
4438,dibyr,1
4439,secr,1
4440,brthp,1
4441,mandiribpjs,1
4442,rek,1
4443,adminbayi,1
4444,jasaplamongan,1
4445,sungai,1
4446,pbb,1
4447,disc,1
4448,sedihdaftar,1
4449,bpjsuhc,1
4450,tara,1
4451,kelassore,1
4452,ngurusnyadaftar,1
4453,kuuhc,1
4454,semarangmslhnya,1
4455,trdftar,1
4456,krja,1
4457,dialihkn,1
4458,uhcadmin,1
4459,bedain,1
4460,kelashallo,1
4461,dana,1
4462,bantuanya,1
4463,kasihbpjs,1
4464,bantuvaksin,1
4465,tersediany,1
4466,adminhlo,1
4467,balasinformasi,1
4468,adminkartu,1
4469,ngurusnyalayan,1
4470,ki,1
4471,serius,1
4472,tahubrarti,1
4473,prokesvaksin,1
4474,jadwalmaaf,1
4475,ty,1
4476,soalx,1
4477,btuh,1
4478,daftarxsinovac,1
4479,anakvaksin,1
4480,nggihanak,1
4481,terseeiadosis,1
4482,anaak,1
4483,naek,1
4484,adminbutuh,1
4485,argen,1
4486,bngt,1
4487,paspor,1
4488,terimakasihuntu,1
4489,dimnlog,1
4490,tauuadmin,1
4491,selang,1
4492,rumahsinasdaftar,1
4493,sllu,1
4494,penuhmerek,1
4495,syrup,1
4496,angin,1
4497,antangin,1
4498,lainobat,1
4499,penuhcek,1
4500,lainsyarat,1
4501,boostervictori,1
4502,kakuji,1
4503,parameter,1
4504,madubisaa,1
4505,murah,1
4506,sekali,1
4507,labuntk,1
4508,dapetinnya,1
4509,yaaadmin,1
4510,walikotapakai,1
4511,bodrexin,1
4512,inzana,1
4513,brarti,1
4514,panasguna,1
4515,larutlarang,1
4516,macam,1
4517,apotik,1
4518,bagaiamna,1
4519,obatsirup,1
4520,eganak,1
4521,amanguna,1
4522,paracetamol,1
4523,anjurapyalis,1
4524,prove,1
4525,ferro,1
4526,gantiadmin,1
4527,hindarlangsung,1
4528,komposisi,1
4529,label,1
4530,obh,1
4531,kompisisijya,1
4532,awam,1
4533,anjur,1
4534,cerahinpepsa,1
4535,siruptny,1
4536,apaadmin,1
4537,curcuma,1
4538,emak,1
4539,sdng,1
4540,takutadmin,1
4541,siadmin,1
4542,manabooster,1
4543,bosterkak,1
4544,semuaaa,1
4545,barubooster,1
4546,manatunggu,1
4547,huhu,1
4548,stokvaksin,1
4549,boosster,1
4550,skolah,1
4551,miprimer,1
4552,kerjapuskesmas,1
4553,covidnyapuskesmas,1
4554,kuwi,1
4555,kasnunut,1
4556,tercover,1
4557,adminbesok,1
4558,fakes,1
4559,kuatanya,1
4560,memdapatkan,1
4561,suwunstok,1
4562,kabarbu,1
4563,vakisn,1
4564,gajahmungkur,1
4565,manahalo,1
4566,boosteryudhapradana,1
4567,nggihadmin,1
4568,besokbp,1
4569,flexible,1
4570,et,1
4571,cetera,1
4572,kasihbooster,1
4573,maksin,1
4574,kakkak,1
4575,manamaaf,1
4576,aktual,1
4577,malaria,1
4578,mi,1
4579,trimakasihstok,1
4580,kkp,1
4581,besokbooster,1
4582,adminkalok,1
4583,where,1
4584,it,1
4585,now,1
4586,adminpuskesmas,1
4587,mangkangadmin,1
4588,nyarinya,1
4589,sakitwalah,1
4590,julith,1
4591,gratisnungguin,1
4592,bhkan,1
4593,juang,1
4594,baby,1
4595,memg,1
4596,mahallahir,1
4597,solusibatas,1
4598,dijuknismohon,1
4599,meningitisbayi,1
4600,pcvipar,1
4601,trip,1
4602,minggunakan,1
4603,ndaftarin,1
4604,soale,1
4605,urusadmin,1
4606,dkksemarangvaksin,1
4607,duavaksin,1
4608,efekny,1
4609,sembuhadmin,1
4610,dos,1
4611,adaadmin,1
4612,yaaaavaksin,1
4613,duaadmin,1
4614,sehatorang,1
4615,viruskalok,1
4616,manawarga,1
4617,rujukadmin,1
4618,royonganak,1
4619,massal,1
4620,vaksinterang,1
4621,thdaftar,1
4622,makasihadmin,1
4623,stoklokasi,1
4624,bulik,1
4625,om,1
4626,bgm,1
4627,prosedurvaksin,1
4628,pakebyg,1
4629,pfizervaksin,1
4630,pndanaran,1
4631,bukaboster,1
4632,usiasiang,1
4633,ganteng,1
4634,cantek,1
4635,epuskesmas,1
4636,tnyak,1
4637,dosisvaksin,1
4638,boasternya,1
4639,informasie,1
4640,sdgkan,1
4641,nakesmoderna,1
4642,johnsonjohnsonvaksin,1
4643,indovac,1
4644,uaerus,1
4645,gimna,1
4646,galau,1
4647,emaktolong,1
4648,anboostervak,1
4649,tahunvaksin,1
4650,astrazene,1
4651,admintips,1
4652,komputer,1
4653,rian,1
4654,smscegah,1
4655,hpv,1
4656,smsbpjs,1
4657,jadwalteman,1
4658,keliling,1
4659,lokasimanfaat,1
4660,skipping,1
4661,anggunadi,1
4662,smsthallasemia,1
4663,miftahul,1
4664,rohmah,1
4665,miroto,1
4666,lengkuas,1
4667,cand,1
4668,smskawasan,1
4669,puskesmasimunisasi,1
4670,fisioterapi,1
4671,rohmini,1
4672,waselamat,1
4673,martabatlanjut,1
4674,smsdiabetes,1
4675,smsnutrisi,1
4676,smslanjut,1
4677,kemih,1
4678,sindhu,1
4679,wibisono,1
4680,smsfasilitas,1
4681,bina,1
4682,sub,1
4683,pptm,1
4684,swa,1
4685,ar,1
4686,nevi,1
4687,dea,1
4688,jatengpjn,1
4689,permatasari,1
4690,wamaaf,1
4691,bantucalon,1
4692,haji,1
4693,berangkat,1
4694,lancar,1
4695,calon,1
4696,hajiattention,1
4697,pleaseattention,1
4698,pleasemonggo,1
4699,lokasipasien,1
4700,kendati,1
4701,usg,1
4702,fika,1
4703,khulma,1
4704,sofia,1
4705,smsdisfungsi,1
4706,ereksi,1
4707,wasiap,1
4708,marathon,1
4709,interaktifhipertensi,1
4710,smsdampak,1
4711,junk,1
4712,food,1
4713,smsselamat,1
4714,ukur,1
4715,darahsefruit,1
4716,antusias,1
4717,tonton,1
4718,begadang,1
4719,sehatselamat,1
4720,timnas,1
4721,sepakbola,1
4722,indonesiafitphonelive,1
4723,spakafrican,1
4724,swine,1
4725,fever,1
4726,biotech,1
4727,smsbunda,1
4728,putra,1
4729,syaratselamat,1
4730,abdi,1
4731,sehatpsoriasis,1
4732,idkendali,1
4733,individu,1
4734,syahrir,1
4735,skp,1
4736,tommie,1
4737,smsdulur,1
4738,inavac,1
4739,vaksinpneumotoraks,1
4740,smsibu,1
4741,migrain,1
4742,smsfitradiotalk,1
4743,nexa,1
4744,smsbipolar,1
4745,wahyuningrum,1
4746,smslupa,1
4747,sunscreenterimakasihvaksin,1
4748,dropping,1
4749,pusatcuaca,1
4750,dehidrasi,1
4751,heat,1
4752,stroke,1
4753,sehatlupus,1
4754,smsradang,1
4755,amandel,1
4756,sifilis,1
4757,mphm,1
4758,smslawan,1
4759,naily,1
4760,parastiti,1
4761,ali,1
4762,kasihselamat,1
4763,poliklinik,1
4764,be,1
4765,aware,1
4766,strengthening,1
4767,education,1
4768,bridge,1
4769,gapurus,1
4770,malas,1
4771,meiselamat,1
4772,sehatasma,1
4773,kambuhwaspada,1
4774,gigit,1
4775,udara,1
4776,kegawatdaruratan,1
4777,meiasam,1
4778,smspotret,1
4779,smslindung,1
4780,spot,1
4781,smswaspada,1
4782,malu,1
4783,pria,1
4784,eka,1
4785,smskemenkes,1
4786,antisipasi,1
4787,smsasma,1
4788,smsjalan,1
4789,pascamudik,1
4790,fitaphonelive,1
4791,badan,1
4792,smsleukimia,1
4793,myeloid,1
4794,smsstress,1
4795,cemas,1
4796,maag,1
4797,kambuh,1
4798,mega,1
4799,smsmonggo,1
4800,jadwaljadwal,1
4801,rapatcekcuaca,1
4802,ekstremhalo,1
4803,tengah,1
4804,cuaca,1
4805,ekstrem,1
4806,enjoy,1
4807,activityhati,1
4808,wijayanti,1
4809,amg,1
4810,semrang,1
4811,dkksmgminkes,1
4812,psc,1
4813,aprilhallo,1
4814,hayati,1
4815,smsmakan,1
4816,smsturun,1
4817,simvastatin,1
4818,aprillokasi,1
4819,candisari,1
4820,twitt,1
4821,yang,1
4822,sangkutmohon,1
4823,nyamanmohon,1
4824,pkl,1
4825,tawarfitphonelive,1
4826,idinformasi,1
4827,lambatfitphonelive,1
4828,smstanggung,1
4829,terangfitphonelive,1
4830,smssiap,1
4831,smsahli,1
4832,debat,1
4833,gubernurmalu,1
4834,buahkepala,1
4835,tampil,1
4836,lampungfitphonelive,1
4837,smstindak,1
4838,bypass,1
4839,sulistyati,1
4840,smskonjungtivitis,1
4841,aprilantisipasi,1
4842,smshemofilia,1
4843,vina,1
4844,yunarvika,1
4845,smsantisipasi,1
4846,smspre,1
4847,smsgejala,1
4848,ariestina,1
4849,istiqomah,1
4850,smsciri,1
4851,anoreksia,1
4852,smsskizofrenia,1
4853,paraniod,1
4854,smsotak,1
4855,smsinovasi,1
4856,valuta,1
4857,tifani,1
4858,novitriasti,1
4859,smskanker,1
4860,smskelola,1
4861,fitphonelivefitradiotalk,1
4862,pegal,1
4863,smstolong,1
4864,cekselamat,1
4865,perihal,1
4866,maturnuwunpilih,1
4867,rezza,1
4868,mangkang,1
4869,smsbeda,1
4870,varises,1
4871,cvi,1
4872,idtolong,1
4873,spem,1
4874,ariawan,1
4875,interaktiflayan,1
4876,anis,1
4877,budiati,1
4878,smsbahaya,1
4879,ririn,1
4880,styani,1
4881,purwoyoso,1
4882,smserror,1
4883,bukagejala,1
4884,smsorang,1
4885,instant,1
4886,suci,1
4887,latifah,1
4888,mhum,1
4889,wakelola,1
4890,agus,1
4891,susanto,1
4892,zaki,1
4893,mita,1
4894,kusumaadhi,1
4895,wapeduli,1
4896,widyawati,1
4897,mkm,1
4898,direktur,1
4899,waanemia,1
4900,khulailatul,1
4901,iqlilla,1
4902,amdkebkipi,1
4903,tt,1
4904,vs,1
4905,dbmd,1
4906,interaktifinovasi,1
4907,sewu,1
4908,helsy,1
4909,kusumaningrum,1
4910,amdkep,1
4911,interaktifsyarat,1
4912,imteraktif,1
4913,rahmawati,1
4914,wabagus,1
4915,projectepilepsi,1
4916,waepilepsi,1
4917,narasumber,1
4918,wagreat,1
4919,projecttbc,1
4920,l,1
4921,nuari,1
4922,ehallo,1
4923,yaasuntik,1
4924,manakanker,1
4925,laring,1
4926,watune,1
4927,smsprogram,1
4928,wapsikolog,1
4929,interaktifvaksin,1
4930,waciri,1
4931,pandan,1
4932,wangi,1
4933,expo,1
4934,manyarstandar,1
4935,wastandar,1
4936,wakakcoba,1
4937,adminyok,1
4938,evaluasi,1
4939,belasppdkgh,1
4940,daun,1
4941,kelor,1
4942,alawiyah,1
4943,interaktifdasar,1
4944,statement,1
4945,kaitmas,1
4946,mobil,1
4947,olsigen,1
4948,official,1
4949,suporter,1
4950,panser,1
4951,biru,1
4952,insiden,1
4953,passupir,1
4954,kon,1
4955,ngah,1
4956,ngoh,1
4957,nganti,1
4958,meku,1
4959,jengkel,1
4960,kesuwenoksigene,1
4961,bwanghebat,1
4962,oksigen,1
4963,laridepan,1
4964,daruratmohon,1
4965,evaluasiatas,1
4966,punggung,1
4967,farokah,1
4968,wakenal,1
4969,ibuprofen,1
4970,msc,1
4971,wadampak,1
4972,spkjprogram,1
4973,cat,1
4974,scratch,1
4975,disease,1
4976,ruam,1
4977,interaktifpilih,1
4978,mpasi,1
4979,gizitiroid,1
4980,spmbayi,1
4981,nggihmatursuwun,1
4982,konfimasi,1
4983,adminflu,1
4984,daging,1
4985,drhbahaya,1
4986,apotekerbuah,1
4987,naga,1
4988,safrin,1
4989,khabila,1
4990,umum,1
4991,ayam,1
4992,kurung,1
4993,kasihwaspada,1
4994,dekatciri,1
4995,hipoglikemia,1
4996,wakonstipasi,1
4997,tune,1
4998,interactive,1
4999,wawaspada,1
5000,dkksmgbar,1
5001,riyadi,1
5002,kbd,1
5003,sppm,1
5004,diffuse,1
5005,axonal,1
5006,injury,1
5007,waeven,1
5008,grant,1
5009,cardone,1
5010,knows,1
5011,will,1
5012,melt,1
5013,facesdesigned,1
5014,fast,1
5015,cheap,1
5016,transactions,1
5017,black,1
5018,horsejustice,1
5019,coming,1
5020,xrpbeautiful,1
5021,day,1
5022,xrp,1
5023,holdersmimin,1
5024,kahi,1
5025,wonder,1
5026,what,1
5027,they,1
5028,are,1
5029,winning,1
5030,xrpprogram,1
5031,waprof,1
5032,waflu,1
5033,storyasih,1
5034,eksklusif,1
5035,wabaru,1
5036,februaridokter,1
5037,waobat,1
5038,ptri,1
5039,idmatur,1
5040,sangetcovid,1
5041,onkjenis,1
5042,wacovid,1
5043,orthrus,1
5044,purnomo,1
5045,had,1
5046,waancam,1
5047,tuneinteraktif,1
5048,dokterdokter,1
5049,spbsobat,1
5050,khomskrinning,1
5051,hipotiroid,1
5052,konginetal,1
5053,hallopuskesmas,1
5054,syifaperintah,1
5055,harihiperovulasi,1
5056,spoganak,1
5057,spmdemensia,1
5058,fortotemporal,1
5059,sderita,1
5060,leukimia,1
5061,dokteralami,1
5062,reda,1
5063,susilorinifitphonelive,1
5064,joint,1
5065,azmi,1
5066,wavirus,1
5067,dokterdemam,1
5068,keong,1
5069,zeinlayan,1
5070,sudarmantosarap,1
5071,puskesmasgigi,1
5072,keropos,1
5073,drgsinusitis,1
5074,dokterganggu,1
5075,profpola,1
5076,dokterhallo,1
5077,februarifakta,1
5078,illnes,1
5079,dokterwho,1
5080,handayaniinovasi,1
5081,riva,1
5082,cerdik,1
5083,puskesmasfaktor,1
5084,rekonstruksi,1
5085,target,1
5086,darahkumpul,1
5087,nugraheni,1
5088,t,1
5089,kesfitphonelive,1
5090,toxic,1
5091,psikologfitphonelive,1
5092,hapsariayo,1
5093,bun,1
5094,ibunda,1
5095,gratissss,1
5096,cusssss,1
5097,puskesmasmari,1
5098,emas,1
5099,melaui,1
5100,vaksinasisimak,1
5101,ayohaloooo,1
5102,poncolfitphonelive,1
5103,doktergemar,1
5104,mie,1
5105,nasi,1
5106,dokterpsikolog,1
5107,narsistikfitphonelive,1
5108,proteksi,1
5109,ketuawaspada,1
5110,doktergejala,1
5111,dokteroperasi,1
5112,aging,1
5113,dokterabai,1
5114,christiana,1
5115,prasetia,1
5116,mphallo,1
5117,puskesmasadenomiosis,1
5118,epidemiologasam,1
5119,frambusiabpjs,1
5120,polrestabes,1
5121,saldo,1
5122,rute,1
5123,kip,1
5124,kemendikbudlayan,1
5125,balaikotasemarang,1
5126,layanin,1
5127,malamppkm,1
5128,bawahsaldo,1
5129,skck,1
5130,akta,1
5131,instansi,1
5132,januaripenuh,1
5133,doktermasalah,1
5134,giziprotein,1
5135,hewani,1
5136,doktergizi,1
5137,kini,1
5138,fitphonelivegizi,1
5139,mkesbaru,1
5140,ptp,1
5141,mukim,1
5142,minggulewat,1
5143,fitradiotalk,1
5144,idsimak,1
5145,puskesmasturun,1
5146,herbalfitphoneliveselamat,1
5147,gong,1
5148,xi,1
5149,fa,1
5150,chai,1
5151,makmur,1
5152,kitaramu,1
5153,pantang,1
5154,taniaatur,1
5155,tramadol,1
5156,ikawatikenal,1
5157,arkhaesi,1
5158,medkelola,1
5159,staycation,1
5160,ica,1
5161,sabrina,1
5162,defia,1
5163,zahlia,1
5164,januariorang,1
5165,prasetya,1
5166,spmfitphonelive,1
5167,lewathallo,1
5168,elisa,1
5169,gunawan,1
5170,semaranglewat,1
5171,splewat,1
5172,januariuntuk,1
5173,usiaweekend,1
5174,apaminkes,1
5175,vaksinfitphonelivesimak,1
5176,mijendeteksi,1
5177,demensia,1
5178,ibi,1
5179,semarangbiasa,1
5180,idhallo,1
5181,januarifitphonelive,1
5182,spkfrvarian,1
5183,wahyonohallo,1
5184,iftitah,1
5185,indriani,1
5186,mhbaru,1
5187,januarianak,1
5188,rawan,1
5189,akanker,1
5190,kolon,1
5191,bar,1
5192,kbdsebab,1
5193,thtwaspada,1
5194,varina,1
5195,spmkmakan,1
5196,gunar,1
5197,iswikartini,1
5198,semarangupaya,1
5199,meminimalisir,1
5200,landa,1
5201,minkeslaku,1
5202,evakuasipakai,1
5203,sepatu,1
5204,istirahathati,1
5205,keran,1
5206,khawatir,1
5207,kontaminasi,1
5208,konsumsibersih,1
5209,dinding,1
5210,desinfektanlangkah,1
5211,contsakit,1
5212,ispa,1
5213,cerna,1
5214,tifoid,1
5215,panjangkondisi,1
5216,bencana,1
5217,landapasca,1
5218,utaspantau,1
5219,logistik,1
5220,semarangpalpitasi,1
5221,bahrudin,1
5222,spjpgejala,1
5223,mahesa,1
5224,spkjgerak,1
5225,evakuasi,1
5226,puri,1
5227,dinar,1
5228,meteseh,1
5229,stay,1
5230,safe,1
5231,keep,1
5232,pray,1
5233,dulurderita,1
5234,pringgopingin,1
5235,arif,1
5236,spogsebab,1
5237,innes,1
5238,anggita,1
5239,semarangkemarintolong,1
5240,mula,1
5241,rekam,1
5242,datahallo,1
5243,puskesmasjadwal,1
5244,stigma,1
5245,capa,1
5246,zero,1
5247,aidscuma,1
5248,forum,1
5249,discussion,1
5250,grup,1
5251,odhalidya,1
5252,itu,1
5253,informasilidya,1
5254,utasgiat,1
5255,gemah,1
5256,larangbaru,1
5257,januaribpjs,1
5258,ketenagakerjaanjaga,1
5259,surut,1
5260,tempatsedia,1
5261,labklinik,1
5262,askes,1
5263,infominkes,1
5264,barusenin,1
5265,afirmasi,1
5266,positifbaru,1
